"source_path","seed_path","classification","action","reason","source_sha256","seed_sha256"
".gitattributes",".gitattributes","SOURCE_OK","INCLUDE_UNCHANGED","Canonical source/test/config file required for development or verification.","27e147d5ea36e6b8ccc6cc3e924148a982c2e8e64e1643c3c42419991c3d4379","27e147d5ea36e6b8ccc6cc3e924148a982c2e8e64e1643c3c42419991c3d4379"
".github/workflows/quality.yml",".github/workflows/quality.yml","SOURCE_OK","INCLUDE_UNCHANGED","Canonical source/test/config file required for development or verification.","945cd7c2efe93308d18b3a58a46b8c9becbacdc740d34ce57f2e12907ad57da2","945cd7c2efe93308d18b3a58a46b8c9becbacdc740d34ce57f2e12907ad57da2"
".gitignore",".gitignore","SANITIZE_REQUIRED","INCLUDE_SANITIZED","Portable seed copy removes fixed machine path or hardens local-data ignore policy; canonical source remains unchanged.","c8d97bdbd354d1557ef93730947121c351b966b35b88a74a4fd89ca42ce66940","86495b45c8a81029e9f491da91e0e04246dcf63e01a6b9b7c9c9ef4f7be74036"
"AGENTS.md","AGENTS.md","SOURCE_OK","INCLUDE_UNCHANGED","Canonical source/test/config file required for development or verification.","8495e6aac6823eedffcefbdddb0745f23c336f76168a55810da63a46a5110516","8495e6aac6823eedffcefbdddb0745f23c336f76168a55810da63a46a5110516"
"README.md","README.md","DOCUMENTATION_ONLY","REWRITE_PUBLIC_BASELINE","Public baseline narrative replaces the historical seed README while retaining the canonical source provenance hash.","1fdb68970e04fdb7720f9a5753da9d99e203cd792b224a6b34f85019e3aee402","9b438e58dd97827d8f70b7d8f741b66246f1a55ea554a8c3a21e590668a8b50c"
"certification/d11s/inputs/history-g27.json","certification/d11s/inputs/history-g27.json","SOURCE_OK","INCLUDE_UNCHANGED","Tracked deterministic certification input; values are synthetic/configuration references, not runtime database or credentials.","1b4147a40432b9afc4acc45157c67235dcbd25ee4adbc91602bbcf1f8943f110","1b4147a40432b9afc4acc45157c67235dcbd25ee4adbc91602bbcf1f8943f110"
"certification/d11s/inputs/horizon-30.json","certification/d11s/inputs/horizon-30.json","SOURCE_OK","INCLUDE_UNCHANGED","Tracked deterministic certification input; values are synthetic/configuration references, not runtime database or credentials.","8cd5d7778aacdb05da5761ab613cfbbe5d082ab5c3be5ca6c43c53f782463864","8cd5d7778aacdb05da5761ab613cfbbe5d082ab5c3be5ca6c43c53f782463864"
"certification/d11s/inputs/horizon-90.json","certification/d11s/inputs/horizon-90.json","SOURCE_OK","INCLUDE_UNCHANGED","Tracked deterministic certification input; values are synthetic/configuration references, not runtime database or credentials.","5f715e34130acabd053a829770a3b8e031d3dd8e1dd8cf21701b196b4d190ef1","5f715e34130acabd053a829770a3b8e031d3dd8e1dd8cf21701b196b4d190ef1"
"certification/d11s/inputs/model-swap-left.json","certification/d11s/inputs/model-swap-left.json","SOURCE_OK","INCLUDE_UNCHANGED","Tracked deterministic certification input; values are synthetic/configuration references, not runtime database or credentials.","5b1d6e3ddf9ab66abddeacb869d8e632444ee8c233d292b10335e1a3437789fd","5b1d6e3ddf9ab66abddeacb869d8e632444ee8c233d292b10335e1a3437789fd"
"certification/d11s/inputs/model-swap-right.json","certification/d11s/inputs/model-swap-right.json","SOURCE_OK","INCLUDE_UNCHANGED","Tracked deterministic certification input; values are synthetic/configuration references, not runtime database or credentials.","e9e5bd342b768fda76434aafef4870d1a6e03d712a0468b5c73b45251b7acc0b","e9e5bd342b768fda76434aafef4870d1a6e03d712a0468b5c73b45251b7acc0b"
"certification/d11s/inputs/restart-g12.json","certification/d11s/inputs/restart-g12.json","SOURCE_OK","INCLUDE_UNCHANGED","Tracked deterministic certification input; values are synthetic/configuration references, not runtime database or credentials.","72820167ee8be0f3e78ffda5a91aaeae33ea07acaa3e845a93083bb5b4305d07","72820167ee8be0f3e78ffda5a91aaeae33ea07acaa3e845a93083bb5b4305d07"
"certification/d11s/inputs/runtime-config.json","certification/d11s/inputs/runtime-config.json","SOURCE_OK","INCLUDE_UNCHANGED","Tracked deterministic certification input; values are synthetic/configuration references, not runtime database or credentials.","2e1fb492e7ba31be562801a7a7b119b44539f440f31c2b19e0f6d2ac5042727e","2e1fb492e7ba31be562801a7a7b119b44539f440f31c2b19e0f6d2ac5042727e"
"configs/personas/kayla.json","configs/personas/kayla.json","SOURCE_OK","INCLUDE_UNCHANGED","Canonical source/test/config file required for development or verification.","72935ea060c0a8ceb282151306f22718101c3b685c644302c155fce72fdf306e","72935ea060c0a8ceb282151306f22718101c3b685c644302c155fce72fdf306e"
"configs/runtime/kayla.json","configs/runtime/kayla.json","SOURCE_OK","INCLUDE_UNCHANGED","Canonical source/test/config file required for development or verification.","47e170d0fe33b9494c038a2a6a37152b7f71b80b2af18d6e4b83a0bb8205ed2c","47e170d0fe33b9494c038a2a6a37152b7f71b80b2af18d6e4b83a0bb8205ed2c"
"docs/2026-08-27-operit-ecosystem-review.md","","PROVENANCE_ONLY","EXCLUDE","Historical audit/report/plan or legacy documentation; contains provenance and/or machine-specific operational context and is not required source authority.","ef0628001de86e10fef3907769b994f4df6f72846b897fbcf552d84e69080c0c",""
"docs/2026-08-27-shadow-pipeline-pitfalls-and-pending.md","","PROVENANCE_ONLY","EXCLUDE","Historical audit/report/plan or legacy documentation; contains provenance and/or machine-specific operational context and is not required source authority.","b666ab010659004d6cdec100f64d1f2d538f894cf2cbbdc556137d4add857d22",""
"docs/2026-08-27-shadow-pipeline-status-audit.md","","PROVENANCE_ONLY","EXCLUDE","Historical audit/report/plan or legacy documentation; contains provenance and/or machine-specific operational context and is not required source authority.","c7ccfc263706f59ba2061b8fd80be2c4f32d2778a11b42ee578ec9551e6ac63e",""
"docs/C10_ASSESSMENT_CONFIDENCE_SCHEMA.md","","PROVENANCE_ONLY","EXCLUDE","Historical audit/report/plan or legacy documentation; contains provenance and/or machine-specific operational context and is not required source authority.","48c5e85a23521d5c53452dffbf307b7918b51bdae1dee9139d278bb8d96d8eb8",""
"docs/C10_B1_CA_HOMEOSTASIS_INPUT_CLOSURE.md","","PROVENANCE_ONLY","EXCLUDE","Historical audit/report/plan or legacy documentation; contains provenance and/or machine-specific operational context and is not required source authority.","087f58b14cc79789644c9d9576dd82ab228b191ff05b66a46e8f801baa97ae4d",""
"docs/C10_B1_CA_R_GATE0_BLOCKED.md","","PROVENANCE_ONLY","EXCLUDE","Historical audit/report/plan or legacy documentation; contains provenance and/or machine-specific operational context and is not required source authority.","e16affe3a373a630dd31a0318f5ae4385eabdc7dd1d6a48c83042adda99abfe6",""
"docs/C10_B1_CA_R_GATE1_INDEPENDENT_REVIEW.md","","PROVENANCE_ONLY","EXCLUDE","Historical audit/report/plan or legacy documentation; contains provenance and/or machine-specific operational context and is not required source authority.","f33a9b2f2d91e5982f88327a66e1f8160e6a0624709cce9e99f32e1fd76c953c",""
"docs/C10_B1_CA_R_GATE1_R2_REVIEW.md","","PROVENANCE_ONLY","EXCLUDE","Historical audit/report/plan or legacy documentation; contains provenance and/or machine-specific operational context and is not required source authority.","541fdfabdac7be666762c67869b49a5f5a0da417bbeb9274b1220c96a05905b5",""
"docs/C10_B1_EXISTING_IMPLEMENTATION_CONFORMANCE_AUDIT.md","","PROVENANCE_ONLY","EXCLUDE","Historical audit/report/plan or legacy documentation; contains provenance and/or machine-specific operational context and is not required source authority.","8343ca448fc0e1a62fb51f42d16d0e1ed5a7dc4b698120a2b14a922581e22877",""
"docs/C10_B1_R3_CONTRIBUTION_TIMESCALE_CONTRACT.md","","PROVENANCE_ONLY","EXCLUDE","Historical audit/report/plan or legacy documentation; contains provenance and/or machine-specific operational context and is not required source authority.","789d03d886cd0610e55445566a52ee467d4c8b446c33a8b183b1d92907c66f85",""
"docs/C10_B1_R3_INDEPENDENT_REVIEW.md","","PROVENANCE_ONLY","EXCLUDE","Historical audit/report/plan or legacy documentation; contains provenance and/or machine-specific operational context and is not required source authority.","2a52e9b71e15210593e59165919392ff78dd417fce56a0c26dc5b3b8eef3be86",""
"docs/C10_BW_ACCEPTANCE_AUDIT.md","","PROVENANCE_ONLY","EXCLUDE","Historical audit/report/plan or legacy documentation; contains provenance and/or machine-specific operational context and is not required source authority.","2fb6afcd0d3380f898eb5b82355269eef98b602916a2daf1094ece1e3f8c3443",""
"docs/C10_BW_ACCUMULATION_AUTH_AUDIT.md","","PROVENANCE_ONLY","EXCLUDE","Historical audit/report/plan or legacy documentation; contains provenance and/or machine-specific operational context and is not required source authority.","6693f838b62db8623cb6f1d78c2599fa042e8d25ccf0da7d5342dbae5c801ccd",""
"docs/C10_BW_ADR0017_HANDOFF.md","","PROVENANCE_ONLY","EXCLUDE","Historical audit/report/plan or legacy documentation; contains provenance and/or machine-specific operational context and is not required source authority.","c63652abacf136adab876e577835879843cc3bee4d13c6c334d5d4b688f9ca29",""
"docs/C10_BW_CONTRACT_CLOSURE_CORRECTION.md","","PROVENANCE_ONLY","EXCLUDE","Historical audit/report/plan or legacy documentation; contains provenance and/or machine-specific operational context and is not required source authority.","fcde6fcc4985d4a3df924c7323e443e2df33e694583f2e20f733e97ec630892d",""
"docs/C10_BW_FINAL_REWORK_REPORT.md","","PROVENANCE_ONLY","EXCLUDE","Historical audit/report/plan or legacy documentation; contains provenance and/or machine-specific operational context and is not required source authority.","41f31d0d526bd2cf5e096c14df159a36e4911e76da9772b1658c10553faabc88",""
"docs/C10_BW_MINIMAL_CONTRACT_CLOSURE.md","","PROVENANCE_ONLY","EXCLUDE","Historical audit/report/plan or legacy documentation; contains provenance and/or machine-specific operational context and is not required source authority.","b9b1ba1032b26d39dd6881cb6a4c1b7632f827ed7f8e00b41e2c574b8d9e0b10",""
"docs/C10_BW_REAL_SLOW_PLASTICITY_WRITER_REPORT.md","","PROVENANCE_ONLY","EXCLUDE","Historical audit/report/plan or legacy documentation; contains provenance and/or machine-specific operational context and is not required source authority.","909ade74a40761972b8397ed6c67c18d227898e16e27369f46f07fab9c268a3f",""
"docs/C10_BW_ROLLING_WINDOW_PERSISTENCE_REPORT.md","","PROVENANCE_ONLY","EXCLUDE","Historical audit/report/plan or legacy documentation; contains provenance and/or machine-specific operational context and is not required source authority.","46706deef057ffec9f98e52babdc5a076a79a3723dacf4d3185632bdd090dec5",""
"docs/C10_BW_UPSTREAM_LONGITUDINAL_TARGET_REPORT.md","","PROVENANCE_ONLY","EXCLUDE","Historical audit/report/plan or legacy documentation; contains provenance and/or machine-specific operational context and is not required source authority.","d586da746adeb5bbf392fb2bbb7f032f8d5b4d71349ddd2204cefc9e7ad92292",""
"docs/C10_B_PRODUCTION_APPRAISAL_ACTIVATION_REPORT.md","","PROVENANCE_ONLY","EXCLUDE","Historical audit/report/plan or legacy documentation; contains provenance and/or machine-specific operational context and is not required source authority.","aed6c924ff1781c4d3ea24116a7060df51350db8bca3cb7d601929af89caa48f",""
"docs/C10_B_PROD_LONGITUDINAL_ACTIVATION_REVIEW.md","","PROVENANCE_ONLY","EXCLUDE","Historical audit/report/plan or legacy documentation; contains provenance and/or machine-specific operational context and is not required source authority.","79d3bd5d2464cfc0f9d8725859d7f053ad0c5e55b79b21beca28b822ff8695c7",""
"docs/C10_C1_SLOW_BEHAVIORAL_READINESS_REPORT.md","","PROVENANCE_ONLY","EXCLUDE","Historical audit/report/plan or legacy documentation; contains provenance and/or machine-specific operational context and is not required source authority.","707bc29de2c36e1771a16a53026f6059c64cbb6e7847e44b2045d7215926a800",""
"docs/C10_C2_AUTH_SLOW_BEHAVIORAL_PROJECTION_AUTHORITY.md","","PROVENANCE_ONLY","EXCLUDE","Historical audit/report/plan or legacy documentation; contains provenance and/or machine-specific operational context and is not required source authority.","a72c9538339e04eb057149ec1b77474e6c16d42babe360c5120042d6f319e435",""
"docs/C10_C2_BEHAVIORAL_PROJECTION_REPORT.md","","PROVENANCE_ONLY","EXCLUDE","Historical audit/report/plan or legacy documentation; contains provenance and/or machine-specific operational context and is not required source authority.","5f652b145a57254174e41fe998ea922ec502ea169bafa387af4e939529d55c4c",""
"docs/C10_CONTRIB_CONFIDENCE_FINAL.md","","PROVENANCE_ONLY","EXCLUDE","Historical audit/report/plan or legacy documentation; contains provenance and/or machine-specific operational context and is not required source authority.","cb8f214153664a30b75dd1b953dd2e9497edd9231ede1e6de5c85ba9d244eaaf",""
"docs/C10_LONGITUDINAL_TARGET_ONTOLOGY_CONTRACT.md","","PROVENANCE_ONLY","EXCLUDE","Historical audit/report/plan or legacy documentation; contains provenance and/or machine-specific operational context and is not required source authority.","3fc55c69621154e22b88d3051f94073d0652aae6991b1fd082d70a04203f5d01",""
"docs/C10_SALIENCE_IMPL_R.md","","PROVENANCE_ONLY","EXCLUDE","Historical audit/report/plan or legacy documentation; contains provenance and/or machine-specific operational context and is not required source authority.","6d6b27c87d3b583921f493c2f282a5b827daa9cf411c51b5c13837c90c9dc244",""
"docs/C2_MISSING_SEMANTIC_DECISIONS.md","","PROVENANCE_ONLY","EXCLUDE","Historical audit/report/plan or legacy documentation; contains provenance and/or machine-specific operational context and is not required source authority.","fc031bf3095a3f529a7a4f4344a052dd2019be604bebac324cc7c03006dda6f6",""
"docs/C5B_autoclaw_handoff_2026-08-28.md","","PROVENANCE_ONLY","EXCLUDE","Historical audit/report/plan or legacy documentation; contains provenance and/or machine-specific operational context and is not required source authority.","ea6c9abafa99b698a5e10fcaf8adf7e6efb69d08cafdcc3fe6f064ccec302ec5",""
"docs/HI-1-R1_CLOSURE_REVIEW.md","","PROVENANCE_ONLY","EXCLUDE","Historical audit/report/plan or legacy documentation; contains provenance and/or machine-specific operational context and is not required source authority.","210a59716bed9d2ef4267156d65264e9609a59223666e1a98f8d9507aec4c7dc",""
"docs/HI-1_CONTRACT_AUDIT.md","","PROVENANCE_ONLY","EXCLUDE","Historical audit/report/plan or legacy documentation; contains provenance and/or machine-specific operational context and is not required source authority.","a8904b705be33243a69a25ee4cf459ffbae6f2e5ce37f6cafc0f8a5af3166bdc",""
"docs/MR_ALPHA_AS1_CLOSE.md","","PROVENANCE_ONLY","EXCLUDE","Historical audit/report/plan or legacy documentation; contains provenance and/or machine-specific operational context and is not required source authority.","10ea692692cfd637715302f67a8323fa4681684210b95705c54a2abdce35353f",""
"docs/MR_ALPHA_AS1_FOLLOWUP_CLEANUP.md","","PROVENANCE_ONLY","EXCLUDE","Historical audit/report/plan or legacy documentation; contains provenance and/or machine-specific operational context and is not required source authority.","14fbeb8615ae28f313512f96c88c16a152e75f98a29e866ff369bad77c634b91",""
"docs/MR_BINDING_REGISTRY_PRODUCTION_SEAM_V1.md","","PROVENANCE_ONLY","EXCLUDE","Historical audit/report/plan or legacy documentation; contains provenance and/or machine-specific operational context and is not required source authority.","3df83e8fd42d359b92a5157818c13e36a783723d77ed6d88c912f63bb18ed41f",""
"docs/MR_C9_W1B_CALL_CHAIN_AUDIT.md","","PROVENANCE_ONLY","EXCLUDE","Historical audit/report/plan or legacy documentation; contains provenance and/or machine-specific operational context and is not required source authority.","47f50831d2f6532ca5d7f28833d3ccda904e3e029c3ae14fe93e0803e88b01f5",""
"docs/MR_C9_W1B_CORRECTED_REPORT.md","","PROVENANCE_ONLY","EXCLUDE","Historical audit/report/plan or legacy documentation; contains provenance and/or machine-specific operational context and is not required source authority.","78d77a9882abfd6074c22ce4c7c9f5e9f1e76603039daa0fd1a10f1fcdcc88f5",""
"docs/MR_C9_W1B_REPORT.md","","PROVENANCE_ONLY","EXCLUDE","Historical audit/report/plan or legacy documentation; contains provenance and/or machine-specific operational context and is not required source authority.","4e5fbdfc58743ad2ae1c8ea18ac186ecda55c9d527887a3f9e23879c5e27139f",""
"docs/MR_GIT_RECOVERY_04_CONFLICT_LEDGER.md","","PROVENANCE_ONLY","EXCLUDE","Historical audit/report/plan or legacy documentation; contains provenance and/or machine-specific operational context and is not required source authority.","f3e4fce263c330e8e1fc99bc8f26893168f6890426b9f24a0d6ee7a51fc11972",""
"docs/MR_OBSERVATION_SLOW_PLASTICITY_TUNING_REPORT.md","","PROVENANCE_ONLY","EXCLUDE","Historical audit/report/plan or legacy documentation; contains provenance and/or machine-specific operational context and is not required source authority.","2c9d21d4a382c86e53e15209d78b1d51c134066d03b2b6f00efa1795280cafc4",""
"docs/Mind%20Runtime%20V0.1.4%20分步开发与分布派单总纲.md","docs/Mind%20Runtime%20V0.1.4%20分步开发与分布派单总纲.md","SOURCE_OK","INCLUDE_UNCHANGED","Governance or architecture contract required by source tests; included after secret/private/path scan.","09cf8ba721e136f87f52a41a10b06d1ced007d92f825df86dae243c28c5ed595","09cf8ba721e136f87f52a41a10b06d1ced007d92f825df86dae243c28c5ed595"
"docs/Mind%20Runtime%20V0.1.4%20开发总纲和需求基线.md","docs/Mind%20Runtime%20V0.1.4%20开发总纲和需求基线.md","SOURCE_OK","INCLUDE_UNCHANGED","Governance or architecture contract required by source tests; included after secret/private/path scan.","9f2dd6619cdcbc67030a5ade9de91c107d5f031e647360dfe791c06e4f10994a","9f2dd6619cdcbc67030a5ade9de91c107d5f031e647360dfe791c06e4f10994a"
"docs/MindRuntimeV0.1.4完整版_开发总纲_需求基线_分布派单.md","docs/MindRuntimeV0.1.4完整版_开发总纲_需求基线_分布派单.md","SOURCE_OK","INCLUDE_UNCHANGED","Governance or architecture contract required by source tests; included after secret/private/path scan.","94aa778aab66e037d08b812e7b144e60db2e3ee475f3b5019199bdbb3ea2bab8","94aa778aab66e037d08b812e7b144e60db2e3ee475f3b5019199bdbb3ea2bab8"
"docs/Mind_Runtime_后续路线与Native_Memory复用优先原则_v2_2026-08-28.md","","PROVENANCE_ONLY","EXCLUDE","Historical audit/report/plan or legacy documentation; contains provenance and/or machine-specific operational context and is not required source authority.","bd4503fb8af463617fce3cb9ba5b5bdf4e4dd03ca975f69d73d6522dd81bc919",""
"docs/OB3.2.0源码审计与MR-4吸收矩阵.md","","PROVENANCE_ONLY","EXCLUDE","Historical audit/report/plan or legacy documentation; contains provenance and/or machine-specific operational context and is not required source authority.","d1fc504969b53d94f3e6b3fd97dcd466ef9a05bf69e5f371633a71701b97decf",""
"docs/OW_MULTI_AGENT_BINDING_PHASE01_V1_IMPL_REPORT.md","","PROVENANCE_ONLY","EXCLUDE","Historical audit/report/plan or legacy documentation; contains provenance and/or machine-specific operational context and is not required source authority.","7c6ab1f20e81d9cc9b3ef51735f5dcdc247a061ccf929ac297e86762bbca41ab",""
"docs/OW_MULTI_AGENT_BINDING_W2D_IMPL_REPORT.md","","PROVENANCE_ONLY","EXCLUDE","Historical audit/report/plan or legacy documentation; contains provenance and/or machine-specific operational context and is not required source authority.","f62b126d73b6da1d97949e9588ed1eb90bc056b85f7a6c5d2d0a7c1066ff0f03",""
"docs/OW_MULTI_AGENT_BINDING_W2E_IMPL_REPORT.md","","PROVENANCE_ONLY","EXCLUDE","Historical audit/report/plan or legacy documentation; contains provenance and/or machine-specific operational context and is not required source authority.","c1a67277114309bcbfa210426b5ff88fba12e0a315783070bfc7d2e6dcf9b78e",""
"docs/OW_MULTI_AGENT_BINDING_W2F_IMPL_REPORT.md","","PROVENANCE_ONLY","EXCLUDE","Historical audit/report/plan or legacy documentation; contains provenance and/or machine-specific operational context and is not required source authority.","b5aabaaa8d102a63ce89d529d272db1f907746f3d0f80367b5e984efb0210682",""
"docs/OW_MULTI_AGENT_FINALIZATION_REPORT.md","","PROVENANCE_ONLY","EXCLUDE","Historical audit/report/plan or legacy documentation; contains provenance and/or machine-specific operational context and is not required source authority.","3ae212bf6097d2b2087935b43df8b06c5dd88ad9c8f7661f54f256305d719c92",""
"docs/OW_MULTI_AGENT_SELECTOR_PHASE3_V1_IMPL_REPORT.md","","PROVENANCE_ONLY","EXCLUDE","Historical audit/report/plan or legacy documentation; contains provenance and/or machine-specific operational context and is not required source authority.","1c6b2b9959c5a42920a34933e13caa1c624488d3295c48fddddd12f77badf255",""
"docs/OW_PHASE02_GATE0_STAGING_INVENTORY.md","","PROVENANCE_ONLY","EXCLUDE","Historical audit/report/plan or legacy documentation; contains provenance and/or machine-specific operational context and is not required source authority.","bc39f3be49a5c80205193d951212e143c3dbde1b23f65a2ce31278529f1b98ea",""
"docs/OW_PHASE02_W2B_BINDING_REGISTRY_CONTRACT.md","","PROVENANCE_ONLY","EXCLUDE","Historical audit/report/plan or legacy documentation; contains provenance and/or machine-specific operational context and is not required source authority.","b0ffe919097825926055f14d194f6418ab9be1a7301835b1375af94ad6b4171d",""
"docs/OW_PRODUCT_IA_V2_SPEC.md","","PROVENANCE_ONLY","EXCLUDE","Historical audit/report/plan or legacy documentation; contains provenance and/or machine-specific operational context and is not required source authority.","20e525a3e7bb93642b901393d1452f2c17bc0e76df8dc110f32be47efc58a97d",""
"docs/RH-1R_FINAL_REPORT.md","","PROVENANCE_ONLY","EXCLUDE","Historical audit/report/plan or legacy documentation; contains provenance and/or machine-specific operational context and is not required source authority.","3790dca8437a8250e8e2b381b85306e2fe10907c47a89b4f37407e80048f14a2",""
"docs/a10_gate_failure_taxonomy.md","","PROVENANCE_ONLY","EXCLUDE","Historical audit/report/plan or legacy documentation; contains provenance and/or machine-specific operational context and is not required source authority.","d504dabb7bfb5bf8912611a455372c84f2afcba86afb603e9f37353df89515b0",""
"docs/a11_independent_signal_validation.md","","PROVENANCE_ONLY","EXCLUDE","Historical audit/report/plan or legacy documentation; contains provenance and/or machine-specific operational context and is not required source authority.","2f4c0d385addf2a008303105c20053a9efee8ccef81af36550dc691f7e66ca4e",""
"docs/a12_gate_vs_appraisal_context_boundary.md","","PROVENANCE_ONLY","EXCLUDE","Historical audit/report/plan or legacy documentation; contains provenance and/or machine-specific operational context and is not required source authority.","5ca55b345447975d5785aacaf295dbd22093886cdcbf055f3cec620123185d79",""
"docs/a13_warranted_annotation_instrument_validation.md","","PROVENANCE_ONLY","EXCLUDE","Historical audit/report/plan or legacy documentation; contains provenance and/or machine-specific operational context and is not required source authority.","f54eba12066b6a6529d3dd110d707a00f7485c3a30d2914669062883f6f447d0",""
"docs/a14_pre_semantic_meaning_significance_boundary.md","","PROVENANCE_ONLY","EXCLUDE","Historical audit/report/plan or legacy documentation; contains provenance and/or machine-specific operational context and is not required source authority.","604d36db9eac3e724fb7ac7564100f9a338cba22a86d0fd9d2bcf82389fc28be",""
"docs/a9_delivery_contract_evaluation.md","","PROVENANCE_ONLY","EXCLUDE","Historical audit/report/plan or legacy documentation; contains provenance and/or machine-specific operational context and is not required source authority.","f68dec8a6fea376ae3e5b4c1b85b86799d155ffa788653b6f33e9482e9685494",""
"docs/adr/0000-template.md","docs/adr/0000-template.md","SOURCE_OK","INCLUDE_UNCHANGED","Governance or architecture contract required by source tests; included after secret/private/path scan.","ef2d1280c2c99222278c10e43b50ff24d48043d77d33fbfe0f160a8322fd09f8","ef2d1280c2c99222278c10e43b50ff24d48043d77d33fbfe0f160a8322fd09f8"
"docs/adr/0001-d3-closure-durable-facts-canonical-ingest.md","docs/adr/0001-d3-closure-durable-facts-canonical-ingest.md","SOURCE_OK","INCLUDE_UNCHANGED","Governance or architecture contract required by source tests; included after secret/private/path scan.","894d271fe38b3883b3a28a489c0dc733992385b455c5816271bb8388bd17afb3","894d271fe38b3883b3a28a489c0dc733992385b455c5816271bb8388bd17afb3"
"docs/adr/0002-affect-projection-scope-separation.md","docs/adr/0002-affect-projection-scope-separation.md","SOURCE_OK","INCLUDE_UNCHANGED","Governance or architecture contract required by source tests; included after secret/private/path scan.","8f3a614adae43bb071f1147da7091983821524754842b918977ad6f079b8b17b","8f3a614adae43bb071f1147da7091983821524754842b918977ad6f079b8b17b"
"docs/adr/0003-g12-restart-staged-split-state-backend.md","docs/adr/0003-g12-restart-staged-split-state-backend.md","SOURCE_OK","INCLUDE_UNCHANGED","Governance or architecture contract required by source tests; included after secret/private/path scan.","5a000267b045ac9cc9862b3eb138ddebf76f09f090ca69db8dee7907ebfeabc3","5a000267b045ac9cc9862b3eb138ddebf76f09f090ca69db8dee7907ebfeabc3"
"docs/adr/0004-compress-cognitive-topology.md","docs/adr/0004-compress-cognitive-topology.md","SOURCE_OK","INCLUDE_UNCHANGED","Governance or architecture contract required by source tests; included after secret/private/path scan.","694f358486782803a081eb5168e72ac0e95e1581efa438c1a0d96f364e4aea8e","694f358486782803a081eb5168e72ac0e95e1581efa438c1a0d96f364e4aea8e"
"docs/adr/0005-atomic-affect-vector-projection.md","docs/adr/0005-atomic-affect-vector-projection.md","SOURCE_OK","INCLUDE_UNCHANGED","Governance or architecture contract required by source tests; included after secret/private/path scan.","0d9096d262d3cd6476114c5f086a9350ae8d74f926d7c8ad6931440da9d128b8","0d9096d262d3cd6476114c5f086a9350ae8d74f926d7c8ad6931440da9d128b8"
"docs/adr/0006-separate-intent-authority.md","docs/adr/0006-separate-intent-authority.md","SOURCE_OK","INCLUDE_UNCHANGED","Governance or architecture contract required by source tests; included after secret/private/path scan.","f1a2d1708f38edec8b11a4a4b70e7fe798b7480d5b382b583bc445fa2bd1baf1","f1a2d1708f38edec8b11a4a4b70e7fe798b7480d5b382b583bc445fa2bd1baf1"
"docs/adr/0007-bound-expression-authority.md","docs/adr/0007-bound-expression-authority.md","SOURCE_OK","INCLUDE_UNCHANGED","Governance or architecture contract required by source tests; included after secret/private/path scan.","51b0d5c159a38fe4e69d37104b4244d4dc33ca3148cb5e4bdb3c05abd2225303","51b0d5c159a38fe4e69d37104b4244d4dc33ca3148cb5e4bdb3c05abd2225303"
"docs/adr/0008-split-d11-certification-and-live-shadow.md","docs/adr/0008-split-d11-certification-and-live-shadow.md","SOURCE_OK","INCLUDE_UNCHANGED","Governance or architecture contract required by source tests; included after secret/private/path scan.","eb8458050d0611b4b8009f82128ae83fee4b89a586f71595c4d979233c70d469","eb8458050d0611b4b8009f82128ae83fee4b89a586f71595c4d979233c70d469"
"docs/adr/0009-idempotent-turn-fact-admission.md","docs/adr/0009-idempotent-turn-fact-admission.md","SOURCE_OK","INCLUDE_UNCHANGED","Governance or architecture contract required by source tests; included after secret/private/path scan.","248a490d10edca5cceceea52e21789a737b226499ed793ac75c0dd94b99f018c","248a490d10edca5cceceea52e21789a737b226499ed793ac75c0dd94b99f018c"
"docs/adr/0010-no-self-authorizing-feedback.md","docs/adr/0010-no-self-authorizing-feedback.md","SOURCE_OK","INCLUDE_UNCHANGED","Governance or architecture contract required by source tests; included after secret/private/path scan.","f342bef52754c495a33d012b58bdd72c5cb78cbb94a0bf9b3cd1ae257c3f1acc","f342bef52754c495a33d012b58bdd72c5cb78cbb94a0bf9b3cd1ae257c3f1acc"
"docs/adr/0011-private-canonical-data-boundary.md","docs/adr/0011-private-canonical-data-boundary.md","SOURCE_OK","INCLUDE_UNCHANGED","Governance or architecture contract required by source tests; included after secret/private/path scan.","1b7c1d74fdaef153245a0fd71791f3568d705d4359312efe67111ff6ff0f341a","1b7c1d74fdaef153245a0fd71791f3568d705d4359312efe67111ff6ff0f341a"
"docs/adr/0012-live-production-source-loop.md","docs/adr/0012-live-production-source-loop.md","SOURCE_OK","INCLUDE_UNCHANGED","Governance or architecture contract required by source tests; included after secret/private/path scan.","fcf0b8e031c9708d21e203aa4d9bd519c2eb30f599f03c331d9d9cff4c9af702","fcf0b8e031c9708d21e203aa4d9bd519c2eb30f599f03c331d9d9cff4c9af702"
"docs/adr/0013-external-context-authority-no-separate-seam.md","docs/adr/0013-external-context-authority-no-separate-seam.md","SOURCE_OK","INCLUDE_UNCHANGED","Governance or architecture contract required by source tests; included after secret/private/path scan.","5cd652e0bce9e280a0f73ac54557771ec521e8ae47736485dc255de776173ce7","5cd652e0bce9e280a0f73ac54557771ec521e8ae47736485dc255de776173ce7"
"docs/adr/0014-c7d-audit-delivery-capability.md","docs/adr/0014-c7d-audit-delivery-capability.md","SOURCE_OK","INCLUDE_UNCHANGED","Governance or architecture contract required by source tests; included after secret/private/path scan.","ac49e1447653d185e95c11768088ac16d7dd1297504ade7f3e445a12ae68afb9","ac49e1447653d185e95c11768088ac16d7dd1297504ade7f3e445a12ae68afb9"
"docs/adr/0015-c10-b1-r3-contribution-timescale-authority.md","docs/adr/0015-c10-b1-r3-contribution-timescale-authority.md","DOCUMENTATION_ONLY","REPAIR_PUBLIC_LINK","Removed an internal link to an excluded historical worktree document; retained the authority reference as plain text.","9ea42a16489f044a3a14529dd8bfce36be66a925503f921c3f0cca5df27b578e","02a3f753ca4d3ae2a85bc0b85c5437fe38f378fcbd540a469585581b895b1e7e"
"docs/adr/0017-c10-b-w-slow-plasticity-accumulation-authority.md","docs/adr/0017-c10-b-w-slow-plasticity-accumulation-authority.md","SOURCE_OK","INCLUDE_UNCHANGED","Governance or architecture contract required by source tests; included after secret/private/path scan.","571b94fdaa79ff238395a77fa0b34c89c5f97b9f81eee3786a4d1deaf224ecc0","571b94fdaa79ff238395a77fa0b34c89c5f97b9f81eee3786a4d1deaf224ecc0"
"docs/adr/0018-c10-b-production-longitudinal-target-authority.md","docs/adr/0018-c10-b-production-longitudinal-target-authority.md","SOURCE_OK","INCLUDE_UNCHANGED","Governance or architecture contract required by source tests; included after secret/private/path scan.","f4a2690f9fd0846c24744cf7a2ed1e7a356ad0ba1d752a9cd1d716cd2a3acfd3","f4a2690f9fd0846c24744cf7a2ed1e7a356ad0ba1d752a9cd1d716cd2a3acfd3"
"docs/adr/0019-c10-b-production-salience-authority.md","docs/adr/0019-c10-b-production-salience-authority.md","SOURCE_OK","INCLUDE_UNCHANGED","Governance or architecture contract required by source tests; included after secret/private/path scan.","f32781948a1ad48a84fdb991fcfc0be4240bfd6387b9719160a41f0ea8ea66ed","f32781948a1ad48a84fdb991fcfc0be4240bfd6387b9719160a41f0ea8ea66ed"
"docs/adr/0020-runtime-identity-binding-storage-isolation.md","docs/adr/0020-runtime-identity-binding-storage-isolation.md","SOURCE_OK","INCLUDE_UNCHANGED","Governance or architecture contract required by source tests; included after secret/private/path scan.","73261b6c333eb06cb7af5b5f4265d6daada673f81be6bb6177b8b8f33666cf61","73261b6c333eb06cb7af5b5f4265d6daada673f81be6bb6177b8b8f33666cf61"
"docs/adr/0021-multi-binding-registry-authority.md","docs/adr/0021-multi-binding-registry-authority.md","SOURCE_OK","INCLUDE_UNCHANGED","Governance or architecture contract required by source tests; included after secret/private/path scan.","8cf583ddf51414c10025c35e3feb57136d250d08a89bc0a999a8e26a6f6adfe1","8cf583ddf51414c10025c35e3feb57136d250d08a89bc0a999a8e26a6f6adfe1"
"docs/adr/0022-runtime-metadata-canonical-memory-authority-clarification.md","docs/adr/0022-runtime-metadata-canonical-memory-authority-clarification.md","SOURCE_OK","INCLUDE_UNCHANGED","Governance or architecture contract required by source tests; included after secret/private/path scan.","1463ea81f65dfd5f2ed3269daaf47411f0e5778b94a1f53e316f3bfcace64664","1463ea81f65dfd5f2ed3269daaf47411f0e5778b94a1f53e316f3bfcace64664"
"docs/adr/0023-canonical-memory-authority.md","docs/adr/0023-canonical-memory-authority.md","SOURCE_OK","INCLUDE_UNCHANGED","Governance or architecture contract required by source tests; included after secret/private/path scan.","cbbc0fe808b05da7f13949f06ce3e53fe8c7c3aca3a6eea327ca18b628537b80","cbbc0fe808b05da7f13949f06ce3e53fe8c7c3aca3a6eea327ca18b628537b80"
"docs/adr/0024-shared-memory-retrieval-read-seam.md","docs/adr/0024-shared-memory-retrieval-read-seam.md","SOURCE_OK","INCLUDE_UNCHANGED","Governance or architecture contract required by source tests; included after secret/private/path scan.","51ba254e9a977e5075ecaf7d4f89965df4fbfa50e1bd50de3ce8e351539af2dd","51ba254e9a977e5075ecaf7d4f89965df4fbfa50e1bd50de3ce8e351539af2dd"
"docs/adr/0025-optional-semantic-vector-provider.md","docs/adr/0025-optional-semantic-vector-provider.md","SOURCE_OK","INCLUDE_UNCHANGED","Governance or architecture contract required by source tests; included after secret/private/path scan.","5185c898021322b9b58fe4919b823d03e1925f2b3bfe9ca536b8d6acba2e43ac","5185c898021322b9b58fe4919b823d03e1925f2b3bfe9ca536b8d6acba2e43ac"
"docs/adr/0026-optional-lce-memory-substrate-binding.md","docs/adr/0026-optional-lce-memory-substrate-binding.md","SOURCE_OK","INCLUDE_UNCHANGED","Governance or architecture contract required by source tests; included after secret/private/path scan.","2d01fe57a7dd1429d39dff856233bcf5ad342730096898b4bd11c2dd8f9ee8dd","2d01fe57a7dd1429d39dff856233bcf5ad342730096898b4bd11c2dd8f9ee8dd"
"docs/architecture/MR_ARCHITECTURE_LOCK_v1_1.md","docs/architecture/MR_ARCHITECTURE_LOCK_v1_1.md","SOURCE_OK","INCLUDE_UNCHANGED","Governance or architecture contract required by source tests; included after secret/private/path scan.","a609b7d565d3a8f1cb56b2d5327bee6fa1c8314b23ead58bbc4d24a54ccfcbc4","a609b7d565d3a8f1cb56b2d5327bee6fa1c8314b23ead58bbc4d24a54ccfcbc4"
"docs/audits/INT_1_INTEGRATION_TOPOLOGY.md","","PROVENANCE_ONLY","EXCLUDE","Historical audit/report/plan or legacy documentation; contains provenance and/or machine-specific operational context and is not required source authority.","5bb31e3f9edef08368eb9b17aec4364d85ecdb97fb855b8c37a50def845a8fab",""
"docs/audits/MR_LCE_BIND_1_REPORT.md","","PROVENANCE_ONLY","EXCLUDE","Historical audit/report/plan or legacy documentation; contains provenance and/or machine-specific operational context and is not required source authority.","a5a65622ef7a9b27647b02f195cf180e2c3c2520f8ec64e59e540ec87743ccd9",""
"docs/audits/MR_MEM_1_PRODUCTION_BASELINE.md","","PROVENANCE_ONLY","EXCLUDE","Historical audit/report/plan or legacy documentation; contains provenance and/or machine-specific operational context and is not required source authority.","1f060ef83842999942c5306e006b3ad170e9459596840121a75ef22ea076c3e0",""
"docs/audits/RH_1_REPO_HYGIENE_REPORT.md","","PROVENANCE_ONLY","EXCLUDE","Historical audit/report/plan or legacy documentation; contains provenance and/or machine-specific operational context and is not required source authority.","f7791a6f6f08dbed632147de0072976ec3f7dfd70ca3dda8e798c4e9303b0a9b",""
"docs/c8a_shadow_runtime_readiness_audit.md","","PROVENANCE_ONLY","EXCLUDE","Historical audit/report/plan or legacy documentation; contains provenance and/or machine-specific operational context and is not required source authority.","3f684c11621fdb8afc35a4db52e78dfc84bf8dca6793e053a781dc93886f2571",""
"docs/c8b_completion_report.md","","PROVENANCE_ONLY","EXCLUDE","Historical audit/report/plan or legacy documentation; contains provenance and/or machine-specific operational context and is not required source authority.","2ab15380d83f272ff0fdf2687f9c8dd7dc4a70890cecd66c26f1f0acbf133ad7",""
"docs/docs/MindRuntime_AgentOnboarding_陌生Agent必读.md","","PROVENANCE_ONLY","EXCLUDE","Historical audit/report/plan or legacy documentation; contains provenance and/or machine-specific operational context and is not required source authority.","806e50525994352b6dbea052618b5490002aa6540b56a9dc5c1bc8839384b615",""
"docs/docs/MindRuntime_C0_Recon_Report.md","","PROVENANCE_ONLY","EXCLUDE","Historical audit/report/plan or legacy documentation; contains provenance and/or machine-specific operational context and is not required source authority.","03b12283bd99edac5f477f26e9c45ae505416069f102a236ec5cb975102914ab",""
"docs/docs/MindRuntime_C0_Recon_首轮派单.md","","PROVENANCE_ONLY","EXCLUDE","Historical audit/report/plan or legacy documentation; contains provenance and/or machine-specific operational context and is not required source authority.","226ebe260ddcebef869abb1956d3ffc329fcac3be6e9853a8c86876acc9b29a1",""
"docs/docs/MindRuntime_D11S_to_MR4_分布派单总表.md","","PROVENANCE_ONLY","EXCLUDE","Historical audit/report/plan or legacy documentation; contains provenance and/or machine-specific operational context and is not required source authority.","f8ec1b46c702fef3cb51e9db61684c5e487aa0cead3c245f88e535183b084f90",""
"docs/docs/MindRuntime_交付包索引_2026-08-27.md","","PROVENANCE_ONLY","EXCLUDE","Historical audit/report/plan or legacy documentation; contains provenance and/or machine-specific operational context and is not required source authority.","9a1bbdc41bca3881d0fac0eef320c10d9fd0475f29bc8b53e53ad70c70fe0eaa",""
"docs/docs/MindRuntime_交接工单_C系列续跑.md","","PROVENANCE_ONLY","EXCLUDE","Historical audit/report/plan or legacy documentation; contains provenance and/or machine-specific operational context and is not required source authority.","ce784c78d4a83d2a5e6d3d1b5f24f09d2f9e3581b784eaa1aee4cbd172992838",""
"docs/docs/MindRuntime_最终边界与开发总纲_2026-08-27.md","","PROVENANCE_ONLY","EXCLUDE","Historical audit/report/plan or legacy documentation; contains provenance and/or machine-specific operational context and is not required source authority.","9f54f99503ebdb7dcebc48ca87976360e21e8ceb7bdb9579eabf7d8b7b8b169f",""
"docs/docs/MindRuntime_隐私数据与开源发布边界.md","","PROVENANCE_ONLY","EXCLUDE","Historical audit/report/plan or legacy documentation; contains provenance and/or machine-specific operational context and is not required source authority.","65e4df90043a91da2129c33e39437fe3cfe9e2d23ff40da9745710428b28e521",""
"docs/handoff/C7A-C7D-audit-handoff-2026-08-31.md","","PROVENANCE_ONLY","EXCLUDE","Historical audit/report/plan or legacy documentation; contains provenance and/or machine-specific operational context and is not required source authority.","007a30d29d42ec6e224a818a7490b207b30307e8a8b3bfbfe905854105778601",""
"docs/integrations/lce-binding.md","docs/integrations/lce-binding.md","SOURCE_OK","INCLUDE_UNCHANGED","Governance or architecture contract required by source tests; included after secret/private/path scan.","84c5bd41f562c70b4023c11e5a02dfdc2ecee49da5ab28d293d68483464da15d","84c5bd41f562c70b4023c11e5a02dfdc2ecee49da5ab28d293d68483464da15d"
"docs/legacy/kayla-rule-map.md","","PROVENANCE_ONLY","EXCLUDE","Historical audit/report/plan or legacy documentation; contains provenance and/or machine-specific operational context and is not required source authority.","28ccf9c5067ddbf1476655d672d8f2f758156b036823718b67366b0d3c55d793",""
"docs/migration/D11_JOIN_AND_IDENTITY_AUDIT.md","","PROVENANCE_ONLY","EXCLUDE","Historical audit/report/plan or legacy documentation; contains provenance and/or machine-specific operational context and is not required source authority.","d60f66effdaf15abfc8158ec611554c095ee1ec6a2e8bc2528a516ee5cfa025e",""
"docs/migration/D11_LEGACY_IMPORT.md","","PROVENANCE_ONLY","EXCLUDE","Historical audit/report/plan or legacy documentation; contains provenance and/or machine-specific operational context and is not required source authority.","fe43b78d587bfdc8091b17e5f1e156acfecd45048d0fe4dce719effc2db34bcc",""
"docs/migration/D11_LEGACY_INVENTORY.md","","PROVENANCE_ONLY","EXCLUDE","Historical audit/report/plan or legacy documentation; contains provenance and/or machine-specific operational context and is not required source authority.","4caf53a443af2e3f9f1b92ce11b5839345287a77c4145683e9964e77702c33bd",""
"docs/migration/D11_MIGRATION_CLASSIFICATION.md","","PROVENANCE_ONLY","EXCLUDE","Historical audit/report/plan or legacy documentation; contains provenance and/or machine-specific operational context and is not required source authority.","6d3758485058e37ea57eb87d556bfa450cb92e3780135bf08c84ba96cb466c3b",""
"docs/migration/d11_legacy_inventory.json","","PROVENANCE_ONLY","EXCLUDE","Historical audit/report/plan or legacy documentation; contains provenance and/or machine-specific operational context and is not required source authority.","c076c2018002d4f2c3da001caf637a3a32705ee707653d1e2f9fe364d02ac320",""
"docs/mr-mem-2-completion.md","","PROVENANCE_ONLY","EXCLUDE","Historical audit/report/plan or legacy documentation; contains provenance and/or machine-specific operational context and is not required source authority.","d55b35c19472ced2d41fdfd7b925d3ad0b85f41af351fe0fcee563d489820f85",""
"docs/mr-mem-3-provider-report.md","","PROVENANCE_ONLY","EXCLUDE","Historical audit/report/plan or legacy documentation; contains provenance and/or machine-specific operational context and is not required source authority.","ea05eaeb63edc386965ae19656af2ce473296ff5ac955e1d67e392f2e8ac6236",""
"docs/mr_alpha_accumulated_state_causal_test.md","","PROVENANCE_ONLY","EXCLUDE","Historical audit/report/plan or legacy documentation; contains provenance and/or machine-specific operational context and is not required source authority.","6fc0cab8841a842b07105e14044c62e46f38d186e704f75eb4f3454ef7f14550",""
"docs/mr_alpha_persist_01.md","","PROVENANCE_ONLY","EXCLUDE","Historical audit/report/plan or legacy documentation; contains provenance and/or machine-specific operational context and is not required source authority.","2090f3929559eca61f107bd9326ebe86d9024d100b7637d19f1ba81fc1129f31",""
"docs/mr_alpha_report_correction.md","","PROVENANCE_ONLY","EXCLUDE","Historical audit/report/plan or legacy documentation; contains provenance and/or machine-specific operational context and is not required source authority.","c7f130abb408e083113565004da3ac83e827116877b658242f1b599ef418c708",""
"docs/mr_assembly_b_slow_write_report.md","","PROVENANCE_ONLY","EXCLUDE","Historical audit/report/plan or legacy documentation; contains provenance and/or machine-specific operational context and is not required source authority.","41f9a6478fcc737f2c8d58731d1c49ee1d62bcac7066f8dbd5a646856514d12d",""
"docs/mr_research_boundary_calibration.md","","PROVENANCE_ONLY","EXCLUDE","Historical audit/report/plan or legacy documentation; contains provenance and/or machine-specific operational context and is not required source authority.","3a76f302210d588182089035529dc3810ed1895ff82134dc92d7a6b7b0ee06ae",""
"docs/persona/kayla-legacy-dimension-audit.md","","PROVENANCE_ONLY","EXCLUDE","Historical audit/report/plan or legacy documentation; contains provenance and/or machine-specific operational context and is not required source authority.","6a3a260525eb1c2d08fa6f7e68e84874616bc84bf38590eaa60adf6e3e0cb906",""
"docs/persona/kayla-production-calibration.md","","PROVENANCE_ONLY","EXCLUDE","Historical audit/report/plan or legacy documentation; contains provenance and/or machine-specific operational context and is not required source authority.","58420da656acdfbcd70cac80e8eb015bbf34fee43dcb877bbc6ae432a2980b3c",""
"docs/phase3_semantic_path_status.md","","PROVENANCE_ONLY","EXCLUDE","Historical audit/report/plan or legacy documentation; contains provenance and/or machine-specific operational context and is not required source authority.","6799c76e618e449bf33682cd61285ac226a7096080bb0fac7edaf10e4970de5f",""
"docs/real_semantic_path_status.md","","PROVENANCE_ONLY","EXCLUDE","Historical audit/report/plan or legacy documentation; contains provenance and/or machine-specific operational context and is not required source authority.","56053e5b36f498e7eea6d58af2587dacec8f6232194c722cdd52e132fb9f7e78",""
"docs/reports/C1-data-boundary-map.md","","PROVENANCE_ONLY","EXCLUDE","Historical audit/report/plan or legacy documentation; contains provenance and/or machine-specific operational context and is not required source authority.","6376faf38ee6e26daa05fa028afd3c27da6b98a82ce9c96b5aa2b739b23554a6",""
"docs/research/c8c/C8C_AUDIT_v1.md","docs/research/c8c/C8C_AUDIT_v1.md","SOURCE_OK","INCLUDE_UNCHANGED","Governance or architecture contract required by source tests; included after secret/private/path scan.","af0a5a7e8d61f5088fab46d8bf08770aa970284d6da60f1671b84cabf384ff5e","af0a5a7e8d61f5088fab46d8bf08770aa970284d6da60f1671b84cabf384ff5e"
"docs/research/c8c/C8C_B_COMPLETION.md","docs/research/c8c/C8C_B_COMPLETION.md","SOURCE_OK","INCLUDE_UNCHANGED","Governance or architecture contract required by source tests; included after secret/private/path scan.","99b63dfea1ef46d6dfeec6d8f6bf935fc1aa6b8b0cb7c1d2a093d8ec42b97a69","99b63dfea1ef46d6dfeec6d8f6bf935fc1aa6b8b0cb7c1d2a093d8ec42b97a69"
"docs/research_signal_ledger.md","","PROVENANCE_ONLY","EXCLUDE","Historical audit/report/plan or legacy documentation; contains provenance and/or machine-specific operational context and is not required source authority.","8ac7ec89bfa52814f0be6bd0a1a8995d37b61e9eb9df38d08779e28e9c61a3bf",""
"docs/superpowers/audits/C9_W1B_R2_DELIVERY.md","","PROVENANCE_ONLY","EXCLUDE","Historical audit/report/plan or legacy documentation; contains provenance and/or machine-specific operational context and is not required source authority.","6a1761e83665842f2ae0e7696015ba03db131cdd40dce565bf606c2959d8a01a",""
"docs/superpowers/audits/C9_W1B_R2_R1_CLOSURE.md","","PROVENANCE_ONLY","EXCLUDE","Historical audit/report/plan or legacy documentation; contains provenance and/or machine-specific operational context and is not required source authority.","719f271cf7741114683e6d049e280cfae9c6cb09ec793219c03468e6a43f7fe5",""
"docs/superpowers/audits/J8_SP1_R2_DELIVERY.md","","PROVENANCE_ONLY","EXCLUDE","Historical audit/report/plan or legacy documentation; contains provenance and/or machine-specific operational context and is not required source authority.","fda42a0ca9ffe3330bee912074a03d256662484556661810ab2e917763cd1bb8",""
"docs/superpowers/audits/J8_SP1_R2_R1_BINDING.md","","PROVENANCE_ONLY","EXCLUDE","Historical audit/report/plan or legacy documentation; contains provenance and/or machine-specific operational context and is not required source authority.","e5656641a2c6853b7df8b28492a9029b3a7ab6fef8e1ec130760aebb88ca7b44",""
"docs/superpowers/audits/adr-0013-rat-cleanup-record.md","","PROVENANCE_ONLY","EXCLUDE","Historical audit/report/plan or legacy documentation; contains provenance and/or machine-specific operational context and is not required source authority.","04f0b546dc0385afb38d6eaedf59400d17cbe2c6e07459ca64f634834825a4c9",""
"docs/superpowers/audits/adr-0013-rat-ratification-record.md","","PROVENANCE_ONLY","EXCLUDE","Historical audit/report/plan or legacy documentation; contains provenance and/or machine-specific operational context and is not required source authority.","f22f157e3753614508fb076dbba724bf214e10e3f68e5ef8df89b197e45f6125",""
"docs/superpowers/audits/c7c-r3-r2-independent-review.md","","PROVENANCE_ONLY","EXCLUDE","Historical audit/report/plan or legacy documentation; contains provenance and/or machine-specific operational context and is not required source authority.","326a1501d8a1c8038301889a70436c269caa0de4b88d9812fd3d726b09481b87",""
"docs/superpowers/plans/2026-08-19-d0-1-repository-bootstrap.md","","PROVENANCE_ONLY","EXCLUDE","Historical audit/report/plan or legacy documentation; contains provenance and/or machine-specific operational context and is not required source authority.","be747bce975b0e6a43d4692225b5b49148c1c8499aa9dfbedc78bd022e304f6c",""
"docs/superpowers/plans/2026-08-19-d0-framework-completion.md","","PROVENANCE_ONLY","EXCLUDE","Historical audit/report/plan or legacy documentation; contains provenance and/or machine-specific operational context and is not required source authority.","23ae9525f47d5ff5e4f278fbf4b3f49bdfa4e5a69f44393b45e116bcab6d4bba",""
"docs/superpowers/plans/2026-08-19-d1-typed-kernel-contracts.md","","PROVENANCE_ONLY","EXCLUDE","Historical audit/report/plan or legacy documentation; contains provenance and/or machine-specific operational context and is not required source authority.","b24ba982b07167f41e44a5c00d10264c656fe6b02ec06312c7f748c40a7b570c",""
"docs/superpowers/plans/2026-08-19-d2-golden-scenario-harness.md","","PROVENANCE_ONLY","EXCLUDE","Historical audit/report/plan or legacy documentation; contains provenance and/or machine-specific operational context and is not required source authority.","d14e4d3777c66e839ca029b359cd6c34cf972ed2975eaa0e96a7ffabcde1ed29",""
"docs/superpowers/plans/2026-08-19-d2s-walking-skeleton.md","","PROVENANCE_ONLY","EXCLUDE","Historical audit/report/plan or legacy documentation; contains provenance and/or machine-specific operational context and is not required source authority.","9202e1d81b7e2115687041e4eba59ffcf89d67d52d7695bda446c7058ead34a4",""
"docs/superpowers/plans/2026-08-19-d3-fact-ingestion.md","","PROVENANCE_ONLY","EXCLUDE","Historical audit/report/plan or legacy documentation; contains provenance and/or machine-specific operational context and is not required source authority.","52ebcdff871c9d95fa6d15b8103faf534bb0558e5334a387da2167d822c69d3a",""
"docs/superpowers/plans/2026-08-21-d3-closure-integration-report.md","","PROVENANCE_ONLY","EXCLUDE","Historical audit/report/plan or legacy documentation; contains provenance and/or machine-specific operational context and is not required source authority.","c6106ed11dd47b7d5024a942e6e0dea0d1ebcfc8077605d8d707bff6cfc3d86c",""
"docs/superpowers/plans/2026-08-21-d4-integration-report.md","","PROVENANCE_ONLY","EXCLUDE","Historical audit/report/plan or legacy documentation; contains provenance and/or machine-specific operational context and is not required source authority.","6453baaa8841c8e7f41841a32489b741ef48bb4d440be8ddf8a248384be0bd1b",""
"docs/superpowers/plans/2026-08-22-d5-integration-report.md","","PROVENANCE_ONLY","EXCLUDE","Historical audit/report/plan or legacy documentation; contains provenance and/or machine-specific operational context and is not required source authority.","68d7b998e43010f7547ebf068c8bc22089cbb3bb32663abac70164a4a34175e5",""
"docs/superpowers/plans/2026-08-22-d6-integration-report.md","","PROVENANCE_ONLY","EXCLUDE","Historical audit/report/plan or legacy documentation; contains provenance and/or machine-specific operational context and is not required source authority.","fcc577c3b832e1cf6166caf89e5c0e81f16b00f13db9177e0a0ee00ad66abd94",""
"docs/superpowers/plans/2026-08-22-d7r-1-architecture-rebaseline-report.md","","PROVENANCE_ONLY","EXCLUDE","Historical audit/report/plan or legacy documentation; contains provenance and/or machine-specific operational context and is not required source authority.","03a3c9e41339a4c41d8fcb0f87957016c7e3d788b9cbf5aefce32417d987a25a",""
"docs/superpowers/plans/2026-08-22-d7r-1-architecture-rebaseline.md","","PROVENANCE_ONLY","EXCLUDE","Historical audit/report/plan or legacy documentation; contains provenance and/or machine-specific operational context and is not required source authority.","fd444a87e46982c18e8ea1d523bf70929d53abaf39d51e5fd5501c7dab39a413",""
"docs/superpowers/plans/2026-08-22-d7r-2-compression-comparison.md","","PROVENANCE_ONLY","EXCLUDE","Historical audit/report/plan or legacy documentation; contains provenance and/or machine-specific operational context and is not required source authority.","d8b2f8ba0dd100c8d33c011afa888455c13d450b3f856c44ef5862f15ee96d49",""
"docs/superpowers/plans/2026-08-22-d7r-2-contract-migration.md","","PROVENANCE_ONLY","EXCLUDE","Historical audit/report/plan or legacy documentation; contains provenance and/or machine-specific operational context and is not required source authority.","5e1aa174351fd4b7aa31b5c7d2c85430ea8a6ab8533afbcd713e10b96e8f84d7",""
"docs/superpowers/plans/2026-08-22-d7r-2-integration-report.md","","PROVENANCE_ONLY","EXCLUDE","Historical audit/report/plan or legacy documentation; contains provenance and/or machine-specific operational context and is not required source authority.","1b316c4ef31841411b2451eb2230a487c2e803bf739916edae6e7462295a84af",""
"docs/superpowers/plans/2026-08-22-d8-deterministic-emotional-transition.md","","PROVENANCE_ONLY","EXCLUDE","Historical audit/report/plan or legacy documentation; contains provenance and/or machine-specific operational context and is not required source authority.","a739199dfe047d1852dfb102f2e3d7a9ae9820d13cff73c8c4a2752edfb8116a",""
"docs/superpowers/plans/2026-08-22-d8-integration-report.md","","PROVENANCE_ONLY","EXCLUDE","Historical audit/report/plan or legacy documentation; contains provenance and/or machine-specific operational context and is not required source authority.","4b2ac36869983e58cc5d4561a897991c93cb1df81c34bda4ac6225458256bd5b",""
"docs/superpowers/plans/2026-08-22-d9-integration-report.md","docs/superpowers/plans/2026-08-22-d9-integration-report.md","SANITIZE_REQUIRED","INCLUDE_SANITIZED","Portable seed copy removes fixed machine path or hardens local-data ignore policy; canonical source remains unchanged.","c1a573370729992d1fdcfa3c3f985c48db392033773d612a6b3207d97225f0df","93616d96e9ea0cb2aa6432493e70acb0bedd73373675c32f384689e1fa6b909d"
"docs/superpowers/plans/2026-08-22-d9-intent-scheduler-action-policy.md","","PROVENANCE_ONLY","EXCLUDE","Historical audit/report/plan or legacy documentation; contains provenance and/or machine-specific operational context and is not required source authority.","e13f8cdf723c9dd392f4a4683a3dcd8095a83d8709ba288e47f6f7576c6884fd",""
"docs/superpowers/plans/2026-08-23-d10-bounded-expression-runtime.md","","PROVENANCE_ONLY","EXCLUDE","Historical audit/report/plan or legacy documentation; contains provenance and/or machine-specific operational context and is not required source authority.","31c20ba79864d16905a52fc4e7318cc72af2decff5253ec6dea52edb9325c89e",""
"docs/superpowers/plans/2026-08-23-d10-dsh-handoff.md","","PROVENANCE_ONLY","EXCLUDE","Historical audit/report/plan or legacy documentation; contains provenance and/or machine-specific operational context and is not required source authority.","681f2795137bd42995786c24edf03d77ba4f5e35080d0eecb37b4433c61590e6",""
"docs/superpowers/plans/2026-08-23-d10-integration-report.md","docs/superpowers/plans/2026-08-23-d10-integration-report.md","SANITIZE_REQUIRED","INCLUDE_SANITIZED","Portable seed copy removes fixed machine path or hardens local-data ignore policy; canonical source remains unchanged.","05edee07344db77577e02a51d1ae6431758df4bbc4dba996630cc4c61cf269e4","9b81b9d633d6d4385fec6c49332d3948ba97e6fa3ace9fa6ed0d0b786fb27a12"
"docs/superpowers/plans/2026-08-23-d10-integration-review.md","","PROVENANCE_ONLY","EXCLUDE","Historical audit/report/plan or legacy documentation; contains provenance and/or machine-specific operational context and is not required source authority.","c4e5367509282e2d9709c10e4cc519426cb058727535c09f43f6193ebcf27eb2",""
"docs/superpowers/plans/2026-08-23-d10-task1-review.md","","PROVENANCE_ONLY","EXCLUDE","Historical audit/report/plan or legacy documentation; contains provenance and/or machine-specific operational context and is not required source authority.","c99cc66da715c943676f9bb5cda2729e16b70d857c317073135d7237d18f965d",""
"docs/superpowers/plans/2026-08-23-d10-task2-review.md","","PROVENANCE_ONLY","EXCLUDE","Historical audit/report/plan or legacy documentation; contains provenance and/or machine-specific operational context and is not required source authority.","3d8a16353bba013a2fa18d8e23eba60d27d02e9f132f7038224b34a475e00cdf",""
"docs/superpowers/plans/2026-08-23-d10-task3-review.md","","PROVENANCE_ONLY","EXCLUDE","Historical audit/report/plan or legacy documentation; contains provenance and/or machine-specific operational context and is not required source authority.","1b7af8ba94a5e8311668e7d36bb27bf2747593b5f5583fb7c874c6f86edd92de",""
"docs/superpowers/plans/2026-08-23-d10-task4-review.md","","PROVENANCE_ONLY","EXCLUDE","Historical audit/report/plan or legacy documentation; contains provenance and/or machine-specific operational context and is not required source authority.","61971410f62ee454f3da0ba1d73f2977870ebd25e75b4cf95bff3dd924d68ae8",""
"docs/superpowers/plans/2026-08-23-d10-task5-review.md","","PROVENANCE_ONLY","EXCLUDE","Historical audit/report/plan or legacy documentation; contains provenance and/or machine-specific operational context and is not required source authority.","3baae591760f8d3c167b870da28af9c62d3ba8ed9296436ccefb16b4e3aca666",""
"docs/superpowers/plans/2026-08-23-d10-task6-review.md","","PROVENANCE_ONLY","EXCLUDE","Historical audit/report/plan or legacy documentation; contains provenance and/or machine-specific operational context and is not required source authority.","243adf99fd81d538dd07b47e217aff7e9ef800222568348ae45aa006be373749",""
"docs/superpowers/plans/2026-08-23-d11l-entry-requirements.md","docs/superpowers/plans/2026-08-23-d11l-entry-requirements.md","SOURCE_OK","INCLUDE_UNCHANGED","Governance or architecture contract required by source tests; included after secret/private/path scan.","b0beea9f7d979372f0ffb083f44d24242e7f71dd8c99cdd4a56093df3564692c","b0beea9f7d979372f0ffb083f44d24242e7f71dd8c99cdd4a56093df3564692c"
"docs/superpowers/plans/2026-08-23-d11s-architecture-entry-review.md","","PROVENANCE_ONLY","EXCLUDE","Historical audit/report/plan or legacy documentation; contains provenance and/or machine-specific operational context and is not required source authority.","771e8391944e46ffe7b4b738cd6cee61e708e9eda6aaf8f402d92730bcf831c4",""
"docs/superpowers/plans/2026-08-23-d11s-deterministic-certification.md","","PROVENANCE_ONLY","EXCLUDE","Historical audit/report/plan or legacy documentation; contains provenance and/or machine-specific operational context and is not required source authority.","7d1145a4e847ce86a1d1c2ab42562cff461ef4527165047f1dd88c450cfeefb8",""
"docs/superpowers/plans/2026-08-23-d11s-dsh-handoff.md","","PROVENANCE_ONLY","EXCLUDE","Historical audit/report/plan or legacy documentation; contains provenance and/or machine-specific operational context and is not required source authority.","90fb1b784680775f823fec3fcd66aa226b6afddbaf38483c48dbee7878441f3e",""
"docs/superpowers/plans/2026-08-23-d11s-handoff-review.md","","PROVENANCE_ONLY","EXCLUDE","Historical audit/report/plan or legacy documentation; contains provenance and/or machine-specific operational context and is not required source authority.","6d30da05c05d11b8cecdc11fa30841d9c7e688389cf06184d0d70d93dd7472b6",""
"docs/superpowers/plans/2026-08-23-d11s-idempotent-turn-admission-next-step.md","","PROVENANCE_ONLY","EXCLUDE","Historical audit/report/plan or legacy documentation; contains provenance and/or machine-specific operational context and is not required source authority.","d585688943e9d49cc1f0f93c46cb964c4adf819476489eec15ac3f157b0f91d4",""
"docs/superpowers/plans/2026-08-23-d11s-integration-report.md","docs/superpowers/plans/2026-08-23-d11s-integration-report.md","SANITIZE_REQUIRED","INCLUDE_SANITIZED","Portable seed copy removes fixed machine path or hardens local-data ignore policy; canonical source remains unchanged.","1548ec1a99ba77cb5157decafaa2d6597e87213e1763da3e6a9117b748acdc16","4de0f2df2a608a39108bb00de6d75878393e2847f24eb78d42a196decb5a20fd"
"docs/superpowers/plans/2026-08-23-d11s-integration-review.md","","PROVENANCE_ONLY","EXCLUDE","Historical audit/report/plan or legacy documentation; contains provenance and/or machine-specific operational context and is not required source authority.","33053c022e6eaeaf054973d596cbb920ea43c04244366c98f253fca9cda5907b",""
"docs/superpowers/plans/2026-08-23-d11s-task1-report.md","","PROVENANCE_ONLY","EXCLUDE","Historical audit/report/plan or legacy documentation; contains provenance and/or machine-specific operational context and is not required source authority.","2dd6b0d9ffa03a1839335b3f0a022e8412f971062b1a298403310a23d6d7ac15",""
"docs/superpowers/plans/2026-08-23-d11s-task1-review.md","","PROVENANCE_ONLY","EXCLUDE","Historical audit/report/plan or legacy documentation; contains provenance and/or machine-specific operational context and is not required source authority.","95408c75dea3c1579cbc804b58da87badfa4f452f9ea3a2000d7e78dfe9d54a0",""
"docs/superpowers/plans/2026-08-23-d11s-task2-report.md","","PROVENANCE_ONLY","EXCLUDE","Historical audit/report/plan or legacy documentation; contains provenance and/or machine-specific operational context and is not required source authority.","c60a2ae7607fbcf1ab7414fb7214ca8ac775785737515a8374e3245f4eb949e8",""
"docs/superpowers/plans/2026-08-23-d11s-task2-review.md","","PROVENANCE_ONLY","EXCLUDE","Historical audit/report/plan or legacy documentation; contains provenance and/or machine-specific operational context and is not required source authority.","b67589af2a8444edf2b4aa5e990d3d5d50f7c886622187150fafa2e0f2e5bcd0",""
"docs/superpowers/plans/2026-08-23-d11s-task3-v2-report.md","","PROVENANCE_ONLY","EXCLUDE","Historical audit/report/plan or legacy documentation; contains provenance and/or machine-specific operational context and is not required source authority.","15d8561c3d24df23745c05adc9e9c95b84c182417c60a5b81af16f20528b0f63",""
"docs/superpowers/plans/2026-08-23-d11s-task3-v2-review.md","","PROVENANCE_ONLY","EXCLUDE","Historical audit/report/plan or legacy documentation; contains provenance and/or machine-specific operational context and is not required source authority.","8c65641ae94baa5b6c70afef6963b879d6c69c7e04ea7de488f69af94f9a0ac9",""
"docs/superpowers/plans/2026-08-23-d11s-task4-report.md","","PROVENANCE_ONLY","EXCLUDE","Historical audit/report/plan or legacy documentation; contains provenance and/or machine-specific operational context and is not required source authority.","d5e0b1b2fb385fa2c661a37ab3f4d89c413e684d56d940c123a32e4df1a458c4",""
"docs/superpowers/plans/2026-08-23-d11s-task4-review.md","","PROVENANCE_ONLY","EXCLUDE","Historical audit/report/plan or legacy documentation; contains provenance and/or machine-specific operational context and is not required source authority.","6b9e2e7e8f32ca2a915c6fde2d81a7edd891d0ad0b5864e086022c921cde38bb",""
"docs/superpowers/plans/2026-08-23-d11s-task5-report.md","","PROVENANCE_ONLY","EXCLUDE","Historical audit/report/plan or legacy documentation; contains provenance and/or machine-specific operational context and is not required source authority.","57490d2953f8aafac6a8bf770038c394298adb235516617d7fff93a9f20036f8",""
"docs/superpowers/plans/2026-08-23-d11s-task5-review.md","","PROVENANCE_ONLY","EXCLUDE","Historical audit/report/plan or legacy documentation; contains provenance and/or machine-specific operational context and is not required source authority.","70cd321f59e88dbda2bf26c2cd8bd62475d22d11293136fcf471602b799a5769",""
"docs/superpowers/plans/2026-08-23-d11s-task6-report.md","","PROVENANCE_ONLY","EXCLUDE","Historical audit/report/plan or legacy documentation; contains provenance and/or machine-specific operational context and is not required source authority.","03b357c6077dbaec70a68a7a89ff3565f7e3f4934d81375d33b5afd56ad64bfd",""
"docs/superpowers/plans/2026-08-23-d11s-task6-review.md","","PROVENANCE_ONLY","EXCLUDE","Historical audit/report/plan or legacy documentation; contains provenance and/or machine-specific operational context and is not required source authority.","8fd431fc8b89ca84bf33993a7137a6a45953579734ae4f678478a3790608d202",""
"docs/superpowers/plans/2026-08-23-d11s-task7-report.md","","PROVENANCE_ONLY","EXCLUDE","Historical audit/report/plan or legacy documentation; contains provenance and/or machine-specific operational context and is not required source authority.","73d5991f22fcf4229c91039096f6e465666fc8c5b421010b2e8cb3497a6ded21",""
"docs/superpowers/plans/2026-08-23-d11s-task7-review.md","","PROVENANCE_ONLY","EXCLUDE","Historical audit/report/plan or legacy documentation; contains provenance and/or machine-specific operational context and is not required source authority.","529648e83ac7d287b8dfe4c89a8dd72f749e6ac6b02c5fa02cc9f22d76a6fd11",""
"docs/superpowers/plans/2026-08-23-d3-idempotent-admission-adr-review.md","","PROVENANCE_ONLY","EXCLUDE","Historical audit/report/plan or legacy documentation; contains provenance and/or machine-specific operational context and is not required source authority.","662e7b3b22aab4c6a019c8a528936e89cbc748961de98882f9d64c60572a9728",""
"docs/superpowers/plans/2026-08-23-d3-idempotent-admission-wa-report.md","","PROVENANCE_ONLY","EXCLUDE","Historical audit/report/plan or legacy documentation; contains provenance and/or machine-specific operational context and is not required source authority.","090ea2cb098612f4cf180b746a34c93fd3501e3f3fecea58382b324c84fb31ad",""
"docs/superpowers/plans/2026-08-23-d3-idempotent-admission-wb-report.md","","PROVENANCE_ONLY","EXCLUDE","Historical audit/report/plan or legacy documentation; contains provenance and/or machine-specific operational context and is not required source authority.","bb6b29d08e71eb8b15a2b8fbb2b4b47441ae8083b59c98a4f93a1bca21dd7ed5",""
"docs/superpowers/plans/2026-08-23-d3-idempotent-admission-wb-review.md","","PROVENANCE_ONLY","EXCLUDE","Historical audit/report/plan or legacy documentation; contains provenance and/or machine-specific operational context and is not required source authority.","2c8f5d27bcf87a8f5af007a58ecd3d198c71113d3e7881f4b04521cf9db8f7f3",""
"docs/superpowers/plans/2026-08-23-d7-integration-report.md","","PROVENANCE_ONLY","EXCLUDE","Historical audit/report/plan or legacy documentation; contains provenance and/or machine-specific operational context and is not required source authority.","f703b3d584cd3dd09fc483550e241e6fb4705ddf5c51ac10d12bcab515bcf256",""
"docs/superpowers/plans/2026-08-24-d11s-acceptance-report.md","","PROVENANCE_ONLY","EXCLUDE","Historical audit/report/plan or legacy documentation; contains provenance and/or machine-specific operational context and is not required source authority.","94cb3116b2bf2927447d628f38a5ff220bf6df3696b39c3936709fc97364d99b",""
"docs/superpowers/plans/2026-08-26-d11l-claim-worksheet.md","","PROVENANCE_ONLY","EXCLUDE","Historical audit/report/plan or legacy documentation; contains provenance and/or machine-specific operational context and is not required source authority.","f6e8ac5758791628b3be014c7faaa8545ff6a7399a5509e4da4c31e5deda6a42",""
"docs/superpowers/plans/2026-08-26-d11l-entry-claims-accepted.md","","PROVENANCE_ONLY","EXCLUDE","Historical audit/report/plan or legacy documentation; contains provenance and/or machine-specific operational context and is not required source authority.","681942c26c2c8b40001b6e70d8d66c25e5d8ff0223abc3d1fe85381f024c2462",""
"docs/superpowers/plans/2026-08-26-d11l-evidence-01-kayla-host-inventory.md","","PROVENANCE_ONLY","EXCLUDE","Historical audit/report/plan or legacy documentation; contains provenance and/or machine-specific operational context and is not required source authority.","027d1221ac89abff689b40b33447cf65304cc1f67e6ff14ce1e7e66b41bf9cd1",""
"docs/superpowers/plans/2026-08-26-d11l-evidence-01-supplement-shadow-deployment-unit.md","","PROVENANCE_ONLY","EXCLUDE","Historical audit/report/plan or legacy documentation; contains provenance and/or machine-specific operational context and is not required source authority.","060b297eeb291640b5dbcec65e2da249cb840c375aebd63655b4546364498ccc",""
"docs/superpowers/plans/2026-08-26-d11l-evidence-02-traffic-definition.md","","PROVENANCE_ONLY","EXCLUDE","Historical audit/report/plan or legacy documentation; contains provenance and/or machine-specific operational context and is not required source authority.","866c88b96fcd366f0f1369abaa942ca6140fc699a7f0adb000354c25b00b1836",""
"docs/superpowers/plans/2026-08-26-d11l-evidence-03-shadow-flag-default-off.md","","PROVENANCE_ONLY","EXCLUDE","Historical audit/report/plan or legacy documentation; contains provenance and/or machine-specific operational context and is not required source authority.","0c4a45e25403ace39377fd334b7a29c7a58fcfe49cb65cfeee1921dbf315821e",""
"docs/superpowers/plans/2026-08-26-d11l-evidence-04-phase-transitions.md","","PROVENANCE_ONLY","EXCLUDE","Historical audit/report/plan or legacy documentation; contains provenance and/or machine-specific operational context and is not required source authority.","f22e2afcbe814d3bc0355ea50ddd53f886c43f9c189725c34d889c20cfc39803",""
"docs/superpowers/plans/2026-08-26-d11l-evidence-05-06-sampling-duration.md","","PROVENANCE_ONLY","EXCLUDE","Historical audit/report/plan or legacy documentation; contains provenance and/or machine-specific operational context and is not required source authority.","ce7a952908c252a3958da3078565a1588c5f8314fffb2c89569b3ea95a6eb073",""
"docs/superpowers/plans/2026-08-26-d11l-evidence-07-08-privacy-killswitch.md","","PROVENANCE_ONLY","EXCLUDE","Historical audit/report/plan or legacy documentation; contains provenance and/or machine-specific operational context and is not required source authority.","32ee9e9076ff07dbc23506c2486dc58564573a57c95fe967352a288205f15f31",""
"docs/superpowers/plans/2026-08-26-d11l-evidence-09-10-11-rollback-thresholds-models.md","","PROVENANCE_ONLY","EXCLUDE","Historical audit/report/plan or legacy documentation; contains provenance and/or machine-specific operational context and is not required source authority.","d259738925823cf18b2355d60fa8d621b22862c0901ba7a1c43b0b5ecacdc386",""
"docs/superpowers/plans/2026-08-26-d11l-evidence-package-coverage.md","","PROVENANCE_ONLY","EXCLUDE","Historical audit/report/plan or legacy documentation; contains provenance and/or machine-specific operational context and is not required source authority.","13bc22f67da73975d0ba7aca39eb39dd2c51dcf1ca7dafbfcbc07e4fbcb139e2",""
"docs/superpowers/plans/2026-08-26-d11l-evidence-review-codex-findings.md","","PROVENANCE_ONLY","EXCLUDE","Historical audit/report/plan or legacy documentation; contains provenance and/or machine-specific operational context and is not required source authority.","604a7bc1400632995065de4c0522f728440ae69707abf5b539a952cc3104f2e5",""
"docs/superpowers/plans/2026-08-26-d11s-aa1-runtime-authority-guards.md","","PROVENANCE_ONLY","EXCLUDE","Historical audit/report/plan or legacy documentation; contains provenance and/or machine-specific operational context and is not required source authority.","0eb0c8806cabac1a4d68fdb87782d324d4f4582f73a49df650bfd00b4f80b55e",""
"docs/superpowers/plans/2026-08-26-d11s-aa1-runtime-authority-report.md","","PROVENANCE_ONLY","EXCLUDE","Historical audit/report/plan or legacy documentation; contains provenance and/or machine-specific operational context and is not required source authority.","04ba44734e3373204b70fca19407bab1fba6221068c7743e2e53824870fb3401",""
"docs/superpowers/plans/2026-08-26-d11s-aa1-runtime-authority-review.md","","PROVENANCE_ONLY","EXCLUDE","Historical audit/report/plan or legacy documentation; contains provenance and/or machine-specific operational context and is not required source authority.","ef1a8527ac49be26b54cc4445ff3430c53cd3dd02b611c875f7f4adbd10992c9",""
"docs/superpowers/plans/2026-08-26-d11s-aa2-context-provenance-report.md","","PROVENANCE_ONLY","EXCLUDE","Historical audit/report/plan or legacy documentation; contains provenance and/or machine-specific operational context and is not required source authority.","7e39bca672a6370ebbfde2b45fc80d4a60520fe645af814eed744bdc93ab69dc",""
"docs/superpowers/plans/2026-08-26-d11s-aa2-context-provenance-review.md","","PROVENANCE_ONLY","EXCLUDE","Historical audit/report/plan or legacy documentation; contains provenance and/or machine-specific operational context and is not required source authority.","ddfc7038e0f8a1f10bebc018ed7d3f62c38827f7ab11c0058ceef8555ab83eee",""
"docs/superpowers/plans/2026-08-26-d11s-aa2-context-provenance.md","","PROVENANCE_ONLY","EXCLUDE","Historical audit/report/plan or legacy documentation; contains provenance and/or machine-specific operational context and is not required source authority.","046a00c93b4b8dfe8400ef5252caf63d4d60494df9798bfc5f628aac4d615b27",""
"docs/superpowers/plans/2026-08-26-mind-runtime-completion-and-out-of-box-merged.md","","PROVENANCE_ONLY","EXCLUDE","Historical audit/report/plan or legacy documentation; contains provenance and/or machine-specific operational context and is not required source authority.","2203dec2e90509c25cc9cb795c8fe304b7fc3cd6e36cc7c2e3202b2609d8b2e7",""
"docs/superpowers/plans/2026-08-26-mind-runtime-completion-baseline.md","","PROVENANCE_ONLY","EXCLUDE","Historical audit/report/plan or legacy documentation; contains provenance and/or machine-specific operational context and is not required source authority.","ef5bdebcf51e81703f67e55c5230dd8d885418932049f49a2e410ecb2cb0789d",""
"docs/superpowers/plans/2026-08-26-mind-runtime-open-source-out-of-box-gap.md","","PROVENANCE_ONLY","EXCLUDE","Historical audit/report/plan or legacy documentation; contains provenance and/or machine-specific operational context and is not required source authority.","55d66abfbb80ed4966ada726e4cb85d86e4ecdc1368d749d06950ba45c64331b",""
"docs/superpowers/plans/2026-08-26-mind-runtime-proactive-audit-and-5-tasks.md","","PROVENANCE_ONLY","EXCLUDE","Historical audit/report/plan or legacy documentation; contains provenance and/or machine-specific operational context and is not required source authority.","e6c896da1edea89f79439663f366555dd7ed90502a450c233ae830afe3e4768b",""
"docs/superpowers/plans/2026-09-07-mr-mem-1.md","","PROVENANCE_ONLY","EXCLUDE","Historical audit/report/plan or legacy documentation; contains provenance and/or machine-specific operational context and is not required source authority.","cbed6cee499a5c7ef12e3c8a7ca04a83bc783c2d13d3510ea188a9bc1b366e1a",""
"docs/superpowers/plans/2026-09-07-mr-mem-2.md","","PROVENANCE_ONLY","EXCLUDE","Historical audit/report/plan or legacy documentation; contains provenance and/or machine-specific operational context and is not required source authority.","331a75c789f99762f94dbe48e1c50564d0fe56cdcd2962b6b068b68dcda97423",""
"docs/superpowers/plans/2026-09-07-mr-mem-3.md","","PROVENANCE_ONLY","EXCLUDE","Historical audit/report/plan or legacy documentation; contains provenance and/or machine-specific operational context and is not required source authority.","31e8fa544a6ec14f8138f44c02ccff10352ac95ff92c24a0da88e077aaf08857",""
"docs/superpowers/plans/2026-09-07-ow-multi-agent-finalization-v1.md","","PROVENANCE_ONLY","EXCLUDE","Historical audit/report/plan or legacy documentation; contains provenance and/or machine-specific operational context and is not required source authority.","c4c02582105d5e28ef391fbc51246486ff311e948baf46cdcbdbc494a0686299",""
"docs/superpowers/specs/2026-08-19-d0-1-repository-bootstrap-design.md","","PROVENANCE_ONLY","EXCLUDE","Historical audit/report/plan or legacy documentation; contains provenance and/or machine-specific operational context and is not required source authority.","5cb701607120f870fefb46154a83af170a994807a7f81460ab9bfb6918a2444b",""
"docs/superpowers/specs/2026-08-19-d0-2-governance-design.md","","PROVENANCE_ONLY","EXCLUDE","Historical audit/report/plan or legacy documentation; contains provenance and/or machine-specific operational context and is not required source authority.","5d6cf38ff95a702b6942feb36cb57e7fc27cb4115f1dc2f76299a943e52dd2c7",""
"docs/superpowers/specs/2026-08-19-d1-typed-kernel-contracts-design.md","","PROVENANCE_ONLY","EXCLUDE","Historical audit/report/plan or legacy documentation; contains provenance and/or machine-specific operational context and is not required source authority.","339fbba2da66fb81f15cd648685028ed674b5626d626befd0fdddc5c259dd2e5",""
"docs/superpowers/specs/2026-08-19-d2-golden-scenario-harness-design.md","","PROVENANCE_ONLY","EXCLUDE","Historical audit/report/plan or legacy documentation; contains provenance and/or machine-specific operational context and is not required source authority.","dba8b145ace7b43d0ba31a26ae90d76913093312e02a5669a941c632f532ab66",""
"docs/superpowers/specs/2026-08-19-d2s-walking-skeleton-design.md","","PROVENANCE_ONLY","EXCLUDE","Historical audit/report/plan or legacy documentation; contains provenance and/or machine-specific operational context and is not required source authority.","bc944a9b5730a24704084b523a88d46c5de028f194459975d218bde81de773ed",""
"docs/superpowers/specs/2026-08-19-d3-fact-ingestion-design.md","","PROVENANCE_ONLY","EXCLUDE","Historical audit/report/plan or legacy documentation; contains provenance and/or machine-specific operational context and is not required source authority.","a8ed0afcbab635bf21af6a69fa760ca67c23821209dd37b01dba536a8f8f0c42",""
"docs/superpowers/specs/2026-08-22-d7r-compressed-runtime-and-agent-onboarding-design.md","docs/superpowers/specs/2026-08-22-d7r-compressed-runtime-and-agent-onboarding-design.md","SOURCE_OK","INCLUDE_UNCHANGED","Governance or architecture contract required by source tests; included after secret/private/path scan.","9988a9a98f0cde4f66945a495de1e34929d8e7f77565956445148f0c8b9cf1c2","9988a9a98f0cde4f66945a495de1e34929d8e7f77565956445148f0c8b9cf1c2"
"docs/superpowers/specs/2026-08-22-d9-intent-scheduler-action-policy-design.md","","PROVENANCE_ONLY","EXCLUDE","Historical audit/report/plan or legacy documentation; contains provenance and/or machine-specific operational context and is not required source authority.","ca7c6ea7f738c8ee33773865311dcd3efcc0e39e03fbb18d8b92dbf685e675e0",""
"docs/superpowers/specs/2026-08-23-d10-bounded-expression-runtime-design.md","","PROVENANCE_ONLY","EXCLUDE","Historical audit/report/plan or legacy documentation; contains provenance and/or machine-specific operational context and is not required source authority.","5c2c6add4f0a46e045b6fd2ec3694a1efa892749bb4de8745dd1fc908dbc4ca2",""
"docs/superpowers/specs/2026-08-23-d11s-deterministic-certification-and-d11l-entry-design.md","docs/superpowers/specs/2026-08-23-d11s-deterministic-certification-and-d11l-entry-design.md","SOURCE_OK","INCLUDE_UNCHANGED","Governance or architecture contract required by source tests; included after secret/private/path scan.","0624826b65c727f8b99c2769743d41b48dd44a5da78f0770393a3770c25b45ed","0624826b65c727f8b99c2769743d41b48dd44a5da78f0770393a3770c25b45ed"
"docs/superpowers/specs/2026-08-25-d11s-aa-generalized-anti-amplification-design.md","","PROVENANCE_ONLY","EXCLUDE","Historical audit/report/plan or legacy documentation; contains provenance and/or machine-specific operational context and is not required source authority.","be0a99ec5707d7bbbf04d8adbe681a671f29afa8940d9b69f8c39a68da82ba1d",""
"docs/superpowers/specs/2026-09-02-external-context-authority-design.md","","PROVENANCE_ONLY","EXCLUDE","Historical audit/report/plan or legacy documentation; contains provenance and/or machine-specific operational context and is not required source authority.","1b7c089f733d794eb4a849df35f19a4e8fff5521449bf4a99742824d9b6b8312",""
"docs/superpowers/specs/2026-09-02-j8-e3-g4-rule-contract-freeze.md","","PROVENANCE_ONLY","EXCLUDE","Historical audit/report/plan or legacy documentation; contains provenance and/or machine-specific operational context and is not required source authority.","c530698f5e3d39bc1b21bbc2f71640b8caa45a1d57310ac071961183466ceb62",""
"docs/tasks/c8b_safe_shadow_execution.md","","PROVENANCE_ONLY","EXCLUDE","Historical audit/report/plan or legacy documentation; contains provenance and/or machine-specific operational context and is not required source authority.","cc047f5bedb52bcd5457a8f7c65bc17ac3fe308155786deaf517c8fb4277b726",""
"docs/w_r3_ledger.md","","PROVENANCE_ONLY","EXCLUDE","Historical audit/report/plan or legacy documentation; contains provenance and/or machine-specific operational context and is not required source authority.","fc06ff2ba9c5cb863d65a426297978d2782bb93b8861122f69bf4ada25a468b9",""
"pyproject.toml","pyproject.toml","SOURCE_OK","INCLUDE_UNCHANGED","Canonical source/test/config file required for development or verification.","e4456a68cd265f35ccda27d3936c52af0615985e22f7d9dd1a9d1eb8ef1a96ec","e4456a68cd265f35ccda27d3936c52af0615985e22f7d9dd1a9d1eb8ef1a96ec"
"scripts/import_d11_legacy.py","","LOCAL_ONLY","EXCLUDE","Machine-specific deployment, patch, audit, or operator helper; excluded from clean public development surface.","efa7e10c883dcfb60006ff970eb5abf174a4543c1ffbda4bc136b1cc4759290a",""
"scripts/xiyue_runtime/restart.ps1","scripts/xiyue_runtime/restart.ps1","SOURCE_OK","INCLUDE_UNCHANGED","Canonical source/test/config file required for development or verification.","14199565efd0ab455a55a2c718c1e0fbc14ca6e43931f2751cb03f2018f99fd2","14199565efd0ab455a55a2c718c1e0fbc14ca6e43931f2751cb03f2018f99fd2"
"scripts/xiyue_runtime/start.ps1","scripts/xiyue_runtime/start.ps1","SANITIZE_REQUIRED","INCLUDE_SANITIZED","Portable seed copy removes fixed machine path or hardens local-data ignore policy; canonical source remains unchanged.","c4f8c7196f13a7a36bd2e55c89d87e5b87c48fe9082be459f565f1f937fdb2ca","12cb0fc786e74ee58fc802535d2ce7d144fa448a9cc83f4abd2b99e4d0a3c726"
"scripts/xiyue_runtime/status.ps1","scripts/xiyue_runtime/status.ps1","SOURCE_OK","INCLUDE_UNCHANGED","Canonical source/test/config file required for development or verification.","cfc3f4d08ce0ed4a30376b7c520711fac5d85edfd0ada9d881f08a493cfd59e6","cfc3f4d08ce0ed4a30376b7c520711fac5d85edfd0ada9d881f08a493cfd59e6"
"scripts/xiyue_runtime/stop.ps1","scripts/xiyue_runtime/stop.ps1","SOURCE_OK","INCLUDE_UNCHANGED","Canonical source/test/config file required for development or verification.","3ab1fe5a2454a00376cc2f34fc6cfcf26657798cf5cf0abb58ad60817c6b7510","3ab1fe5a2454a00376cc2f34fc6cfcf26657798cf5cf0abb58ad60817c6b7510"
"src/mind_runtime/__init__.py","src/mind_runtime/__init__.py","SOURCE_OK","INCLUDE_UNCHANGED","Canonical source/test/config file required for development or verification.","df4bab9561eecdec2afd339aff01a8dcbb53fbaeb99359529e8c5b1b90480a7c","df4bab9561eecdec2afd339aff01a8dcbb53fbaeb99359529e8c5b1b90480a7c"
"src/mind_runtime/binding_registry.py","src/mind_runtime/binding_registry.py","SOURCE_OK","INCLUDE_UNCHANGED","Canonical source/test/config file required for development or verification.","6635419808d252492ae3136c9f72754ed3541bb7c323c197005df9c6098bfc67","6635419808d252492ae3136c9f72754ed3541bb7c323c197005df9c6098bfc67"
"src/mind_runtime/binding_registry_composition.py","src/mind_runtime/binding_registry_composition.py","SOURCE_OK","INCLUDE_UNCHANGED","Canonical source/test/config file required for development or verification.","c9f37c981d0431c2cd95d8a42452e9f0d32e8a944d0cd839f85959fd83fe48bf","c9f37c981d0431c2cd95d8a42452e9f0d32e8a944d0cd839f85959fd83fe48bf"
"src/mind_runtime/cognition/__init__.py","src/mind_runtime/cognition/__init__.py","SOURCE_OK","INCLUDE_UNCHANGED","Canonical source/test/config file required for development or verification.","2824c01d6d5135f19a549062d25dc532adaa61b3ed1ed662a21d06f46e7c92f4","2824c01d6d5135f19a549062d25dc532adaa61b3ed1ed662a21d06f46e7c92f4"
"src/mind_runtime/cognition/express.py","src/mind_runtime/cognition/express.py","SOURCE_OK","INCLUDE_UNCHANGED","Canonical source/test/config file required for development or verification.","e7dab0b4dc058ba31bf1f8173782ab7cf2e12d8a29af87433afa6178ffd4b706","e7dab0b4dc058ba31bf1f8173782ab7cf2e12d8a29af87433afa6178ffd4b706"
"src/mind_runtime/cognition/tick.py","src/mind_runtime/cognition/tick.py","SOURCE_OK","INCLUDE_UNCHANGED","Canonical source/test/config file required for development or verification.","e23411c623dbeca70354aa979625bbc3b875f630f373fa4a66c7be7b4f824757","e23411c623dbeca70354aa979625bbc3b875f630f373fa4a66c7be7b4f824757"
"src/mind_runtime/contracts/__init__.py","src/mind_runtime/contracts/__init__.py","SOURCE_OK","INCLUDE_UNCHANGED","Canonical source/test/config file required for development or verification.","c2ba0aaffc6a400d14252399f5bf900bda62eedfb65d72deccba51b3a1e68273","c2ba0aaffc6a400d14252399f5bf900bda62eedfb65d72deccba51b3a1e68273"
"src/mind_runtime/contracts/action.py","src/mind_runtime/contracts/action.py","SOURCE_OK","INCLUDE_UNCHANGED","Canonical source/test/config file required for development or verification.","c443c58c9da05eeaf72b453525340ab58f2d6d4e2d8cbfa4d55bbd0b8aad575f","c443c58c9da05eeaf72b453525340ab58f2d6d4e2d8cbfa4d55bbd0b8aad575f"
"src/mind_runtime/contracts/affect.py","src/mind_runtime/contracts/affect.py","SOURCE_OK","INCLUDE_UNCHANGED","Canonical source/test/config file required for development or verification.","5d9c8f60e0b2f6c23aae8582e4f5bfe7126a81891db585d17726e3a670de5483","5d9c8f60e0b2f6c23aae8582e4f5bfe7126a81891db585d17726e3a670de5483"
"src/mind_runtime/contracts/appraisal.py","src/mind_runtime/contracts/appraisal.py","SOURCE_OK","INCLUDE_UNCHANGED","Canonical source/test/config file required for development or verification.","0429b7f46d3992c0804088591bcf96d2101214e8e886b06e493fff91f73440ed","0429b7f46d3992c0804088591bcf96d2101214e8e886b06e493fff91f73440ed"
"src/mind_runtime/contracts/behavior.py","src/mind_runtime/contracts/behavior.py","SOURCE_OK","INCLUDE_UNCHANGED","Canonical source/test/config file required for development or verification.","ee1408190d38d988930008526169b0e63fffc1c19ea287cd5f041888bf52f414","ee1408190d38d988930008526169b0e63fffc1c19ea287cd5f041888bf52f414"
"src/mind_runtime/contracts/behavioral_prior.py","src/mind_runtime/contracts/behavioral_prior.py","SOURCE_OK","INCLUDE_UNCHANGED","Canonical source/test/config file required for development or verification.","ed4100dff21720bc99265dece9b2bed58201c5614579ff57cee3598970341939","ed4100dff21720bc99265dece9b2bed58201c5614579ff57cee3598970341939"
"src/mind_runtime/contracts/checkpoint.py","src/mind_runtime/contracts/checkpoint.py","SOURCE_OK","INCLUDE_UNCHANGED","Canonical source/test/config file required for development or verification.","96c5a13beb63535b94b7d336befc8a32246371a2bc4edd8dc0d1b6f1098932d6","96c5a13beb63535b94b7d336befc8a32246371a2bc4edd8dc0d1b6f1098932d6"
"src/mind_runtime/contracts/common.py","src/mind_runtime/contracts/common.py","SOURCE_OK","INCLUDE_UNCHANGED","Canonical source/test/config file required for development or verification.","1be9526a9e09d684d121721f7a2041ebe25ded793a5dc3060c35d1959655b83d","1be9526a9e09d684d121721f7a2041ebe25ded793a5dc3060c35d1959655b83d"
"src/mind_runtime/contracts/decision.py","src/mind_runtime/contracts/decision.py","SOURCE_OK","INCLUDE_UNCHANGED","Canonical source/test/config file required for development or verification.","ce663cb103190082edd1d11e56abf9320def731a84493562c1bfa1f35e49eb4f","ce663cb103190082edd1d11e56abf9320def731a84493562c1bfa1f35e49eb4f"
"src/mind_runtime/contracts/dynamics.py","src/mind_runtime/contracts/dynamics.py","SOURCE_OK","INCLUDE_UNCHANGED","Canonical source/test/config file required for development or verification.","d2362fe88165aee15d765e6df2d6e7492fdae027b6f7df4f4a4f4f917327f659","d2362fe88165aee15d765e6df2d6e7492fdae027b6f7df4f4a4f4f917327f659"
"src/mind_runtime/contracts/emotional_transition.py","src/mind_runtime/contracts/emotional_transition.py","SOURCE_OK","INCLUDE_UNCHANGED","Canonical source/test/config file required for development or verification.","678c61ed5d17ed2042022afd07ed7ccb5bddfab1411198bb0ed049d6f037292d","678c61ed5d17ed2042022afd07ed7ccb5bddfab1411198bb0ed049d6f037292d"
"src/mind_runtime/contracts/evidence.py","src/mind_runtime/contracts/evidence.py","SOURCE_OK","INCLUDE_UNCHANGED","Canonical source/test/config file required for development or verification.","fbb6f1b7f7db1d5f7cabba215c974cb10f8fc4d9de6d2fd7566ef63c27b992f3","fbb6f1b7f7db1d5f7cabba215c974cb10f8fc4d9de6d2fd7566ef63c27b992f3"
"src/mind_runtime/contracts/expression.py","src/mind_runtime/contracts/expression.py","SOURCE_OK","INCLUDE_UNCHANGED","Canonical source/test/config file required for development or verification.","7a2e559e6100ccc8d85d32a27cf6cfdf1f81ee0616f733267a788bc709e0a500","7a2e559e6100ccc8d85d32a27cf6cfdf1f81ee0616f733267a788bc709e0a500"
"src/mind_runtime/contracts/governance.py","src/mind_runtime/contracts/governance.py","SOURCE_OK","INCLUDE_UNCHANGED","Canonical source/test/config file required for development or verification.","f81269692fdaf00453559c8ca9ffc070f8b91341a9115f408e10dd99865151f5","f81269692fdaf00453559c8ca9ffc070f8b91341a9115f408e10dd99865151f5"
"src/mind_runtime/contracts/historical.py","src/mind_runtime/contracts/historical.py","SOURCE_OK","INCLUDE_UNCHANGED","Canonical source/test/config file required for development or verification.","ded9c6a19aaaa154791a836e51f9ebfce2578479ee177fa0b225513de11e71ad","ded9c6a19aaaa154791a836e51f9ebfce2578479ee177fa0b225513de11e71ad"
"src/mind_runtime/contracts/host.py","src/mind_runtime/contracts/host.py","SOURCE_OK","INCLUDE_UNCHANGED","Canonical source/test/config file required for development or verification.","2dc984f8a901ee8a02f86a9bca8d20da85c560037d226c5557cb10e48c268a07","2dc984f8a901ee8a02f86a9bca8d20da85c560037d226c5557cb10e48c268a07"
"src/mind_runtime/contracts/intent.py","src/mind_runtime/contracts/intent.py","SOURCE_OK","INCLUDE_UNCHANGED","Canonical source/test/config file required for development or verification.","6844c12e42c060354ba61ea14faee7f3199053cc5588d1b159b70322fd4bff2c","6844c12e42c060354ba61ea14faee7f3199053cc5588d1b159b70322fd4bff2c"
"src/mind_runtime/contracts/interaction.py","src/mind_runtime/contracts/interaction.py","SOURCE_OK","INCLUDE_UNCHANGED","Canonical source/test/config file required for development or verification.","4ff321ba0b7b8cb53018518d7d3072f4d42bb1fd0c8eefc362c82ac0c6a3bcf9","4ff321ba0b7b8cb53018518d7d3072f4d42bb1fd0c8eefc362c82ac0c6a3bcf9"
"src/mind_runtime/contracts/observation.py","src/mind_runtime/contracts/observation.py","SOURCE_OK","INCLUDE_UNCHANGED","Canonical source/test/config file required for development or verification.","2eb20e35da51ac6e090bcf8ae7f743c8b54695bf57168e0742b4a40d563eab92","2eb20e35da51ac6e090bcf8ae7f743c8b54695bf57168e0742b4a40d563eab92"
"src/mind_runtime/contracts/pattern.py","src/mind_runtime/contracts/pattern.py","SOURCE_OK","INCLUDE_UNCHANGED","Canonical source/test/config file required for development or verification.","d16bf765a478ad4badbb5a3a00a8b2c9f52524991b2b1a184d0546e344b07142","d16bf765a478ad4badbb5a3a00a8b2c9f52524991b2b1a184d0546e344b07142"
"src/mind_runtime/contracts/projection.py","src/mind_runtime/contracts/projection.py","SOURCE_OK","INCLUDE_UNCHANGED","Canonical source/test/config file required for development or verification.","d8cf2f7d508b50331505efa0b7b8543e289f130ee8500b84ebd5341d8eaef929","d8cf2f7d508b50331505efa0b7b8543e289f130ee8500b84ebd5341d8eaef929"
"src/mind_runtime/contracts/replication.py","src/mind_runtime/contracts/replication.py","SOURCE_OK","INCLUDE_UNCHANGED","Canonical source/test/config file required for development or verification.","e27b0ea3f132e6f6fdf1df55a3b053d0a872f8b8481b8072fac58e0d487b98b7","e27b0ea3f132e6f6fdf1df55a3b053d0a872f8b8481b8072fac58e0d487b98b7"
"src/mind_runtime/contracts/scope.py","src/mind_runtime/contracts/scope.py","SOURCE_OK","INCLUDE_UNCHANGED","Canonical source/test/config file required for development or verification.","48e751d82532a5a259a0b2ea62cfab39e32ac2bbe4e66d8f117c9be282ea3d0a","48e751d82532a5a259a0b2ea62cfab39e32ac2bbe4e66d8f117c9be282ea3d0a"
"src/mind_runtime/contracts/situation.py","src/mind_runtime/contracts/situation.py","SOURCE_OK","INCLUDE_UNCHANGED","Canonical source/test/config file required for development or verification.","e78ec37ae4bd8492f305513b7743f970a3d22d38b33d9e629b1ff4bb7a71b017","e78ec37ae4bd8492f305513b7743f970a3d22d38b33d9e629b1ff4bb7a71b017"
"src/mind_runtime/contracts/slow_state.py","src/mind_runtime/contracts/slow_state.py","SOURCE_OK","INCLUDE_UNCHANGED","Canonical source/test/config file required for development or verification.","f7839601e8254a1c6dc95293438474b1884946f893f0f472ed6455fbedff5149","f7839601e8254a1c6dc95293438474b1884946f893f0f472ed6455fbedff5149"
"src/mind_runtime/contracts/state.py","src/mind_runtime/contracts/state.py","SOURCE_OK","INCLUDE_UNCHANGED","Canonical source/test/config file required for development or verification.","b282c0a59f698129fd22c2875ab8d3f601db3431a968cd13b2ddb8ae36b73977","b282c0a59f698129fd22c2875ab8d3f601db3431a968cd13b2ddb8ae36b73977"
"src/mind_runtime/contracts/telemetry.py","src/mind_runtime/contracts/telemetry.py","SOURCE_OK","INCLUDE_UNCHANGED","Canonical source/test/config file required for development or verification.","0bdd4006d2d1fe7c2a0bee6711443b116cddd387ca29a8d8713c9c4bf23167ae","0bdd4006d2d1fe7c2a0bee6711443b116cddd387ca29a8d8713c9c4bf23167ae"
"src/mind_runtime/contracts/trace.py","src/mind_runtime/contracts/trace.py","SOURCE_OK","INCLUDE_UNCHANGED","Canonical source/test/config file required for development or verification.","4a00a75595ecdd3806c945e662157006b7a771afb2c86681d0c029bcb0565659","4a00a75595ecdd3806c945e662157006b7a771afb2c86681d0c029bcb0565659"
"src/mind_runtime/contracts/transition.py","src/mind_runtime/contracts/transition.py","SOURCE_OK","INCLUDE_UNCHANGED","Canonical source/test/config file required for development or verification.","cb49a74a350ea2fc9d6cc0a1486d20252f4d7bf1d25b9ae5e76599f7c604b471","cb49a74a350ea2fc9d6cc0a1486d20252f4d7bf1d25b9ae5e76599f7c604b471"
"src/mind_runtime/delivery/__init__.py","src/mind_runtime/delivery/__init__.py","SOURCE_OK","INCLUDE_UNCHANGED","Canonical source/test/config file required for development or verification.","1c630f2d24b55a201a17e245599c410e480d774e78439e45c4fafac662c29a8e","1c630f2d24b55a201a17e245599c410e480d774e78439e45c4fafac662c29a8e"
"src/mind_runtime/delivery/daemon.py","src/mind_runtime/delivery/daemon.py","SOURCE_OK","INCLUDE_UNCHANGED","Canonical source/test/config file required for development or verification.","053c2a618a8df9d6b40118666b8bb63a1407b8df419a7b12cbf4fff03c7955a5","053c2a618a8df9d6b40118666b8bb63a1407b8df419a7b12cbf4fff03c7955a5"
"src/mind_runtime/delivery/kill_switch.py","src/mind_runtime/delivery/kill_switch.py","SOURCE_OK","INCLUDE_UNCHANGED","Canonical source/test/config file required for development or verification.","edb98c514091788341d0fc8397327d51a7f000e9f80b7735318d1d88be0c3dc9","edb98c514091788341d0fc8397327d51a7f000e9f80b7735318d1d88be0c3dc9"
"src/mind_runtime/delivery/persistence.py","src/mind_runtime/delivery/persistence.py","SOURCE_OK","INCLUDE_UNCHANGED","Canonical source/test/config file required for development or verification.","73b5f6d6ad0154224f14867b15b77ee973605d3fb931fb137049d3fc7d51bf82","73b5f6d6ad0154224f14867b15b77ee973605d3fb931fb137049d3fc7d51bf82"
"src/mind_runtime/delivery/reconcile.py","src/mind_runtime/delivery/reconcile.py","SOURCE_OK","INCLUDE_UNCHANGED","Canonical source/test/config file required for development or verification.","9490c23ca93efacc1a499792913f17afef9c33ee337e08a96f24c50f0ed2a6c0","9490c23ca93efacc1a499792913f17afef9c33ee337e08a96f24c50f0ed2a6c0"
"src/mind_runtime/delivery/retry.py","src/mind_runtime/delivery/retry.py","SOURCE_OK","INCLUDE_UNCHANGED","Canonical source/test/config file required for development or verification.","594b66b894433d4bd36ed98fa972d72ecddc9e5df9b81490771db6923102b5ca","594b66b894433d4bd36ed98fa972d72ecddc9e5df9b81490771db6923102b5ca"
"src/mind_runtime/delivery/state.py","src/mind_runtime/delivery/state.py","SOURCE_OK","INCLUDE_UNCHANGED","Canonical source/test/config file required for development or verification.","398c164430f760dcddd777407c60eb2a514c37062d341aeb6dd5f6335bd3d4f9","398c164430f760dcddd777407c60eb2a514c37062d341aeb6dd5f6335bd3d4f9"
"src/mind_runtime/dynamics/__init__.py","src/mind_runtime/dynamics/__init__.py","SOURCE_OK","INCLUDE_UNCHANGED","Canonical source/test/config file required for development or verification.","f592575ec1c613eed18e3203c6e8eda2db22428ded3d90d54900bbf4d0aa0dcd","f592575ec1c613eed18e3203c6e8eda2db22428ded3d90d54900bbf4d0aa0dcd"
"src/mind_runtime/dynamics/engine.py","src/mind_runtime/dynamics/engine.py","SOURCE_OK","INCLUDE_UNCHANGED","Canonical source/test/config file required for development or verification.","ac577a235cff2d2a1fbde92aa5013071e6691e2b515ce2076f4730b6785fc623","ac577a235cff2d2a1fbde92aa5013071e6691e2b515ce2076f4730b6785fc623"
"src/mind_runtime/dynamics/kayla_v0.py","src/mind_runtime/dynamics/kayla_v0.py","SOURCE_OK","INCLUDE_UNCHANGED","Canonical source/test/config file required for development or verification.","a4b0f4b96239cf06ddd4e0ddee737e0c0ed5fa17ace11151cb61483d491da11c","a4b0f4b96239cf06ddd4e0ddee737e0c0ed5fa17ace11151cb61483d491da11c"
"src/mind_runtime/dynamics/persona.py","src/mind_runtime/dynamics/persona.py","SOURCE_OK","INCLUDE_UNCHANGED","Canonical source/test/config file required for development or verification.","cb60130093d08108877f58dacddaf6f189042a1e8cf339c5ee32296ba508afd9","cb60130093d08108877f58dacddaf6f189042a1e8cf339c5ee32296ba508afd9"
"src/mind_runtime/dynamics/policies.py","src/mind_runtime/dynamics/policies.py","SOURCE_OK","INCLUDE_UNCHANGED","Canonical source/test/config file required for development or verification.","4e7cde0423dda452fcf051e3f27faa55b5ca7dae221ecce63d7852a436049ccd","4e7cde0423dda452fcf051e3f27faa55b5ca7dae221ecce63d7852a436049ccd"
"src/mind_runtime/dynamics/ports.py","src/mind_runtime/dynamics/ports.py","SOURCE_OK","INCLUDE_UNCHANGED","Canonical source/test/config file required for development or verification.","a7beb9e49dd70b79685325c9ebeea4f4c76f4908ab5b858d00c258f91e365963","a7beb9e49dd70b79685325c9ebeea4f4c76f4908ab5b858d00c258f91e365963"
"src/mind_runtime/dynamics/registry.py","src/mind_runtime/dynamics/registry.py","SOURCE_OK","INCLUDE_UNCHANGED","Canonical source/test/config file required for development or verification.","7d88e427825b5ce1b1cc5e05e37cbbd1a63e0b14c349f2ef840de519b1ce8474","7d88e427825b5ce1b1cc5e05e37cbbd1a63e0b14c349f2ef840de519b1ce8474"
"src/mind_runtime/emotional_transition/__init__.py","src/mind_runtime/emotional_transition/__init__.py","SOURCE_OK","INCLUDE_UNCHANGED","Canonical source/test/config file required for development or verification.","46c3a000910c77be2f83a38a75adda6ade95a7f4df5f100702b39a627d920027","46c3a000910c77be2f83a38a75adda6ade95a7f4df5f100702b39a627d920027"
"src/mind_runtime/emotional_transition/appraisal.py","src/mind_runtime/emotional_transition/appraisal.py","SOURCE_OK","INCLUDE_UNCHANGED","Canonical source/test/config file required for development or verification.","e519ea1c283d68ba5e87f7b55d3c995cb9e245836bea2cea8133bc55b80cb423","e519ea1c283d68ba5e87f7b55d3c995cb9e245836bea2cea8133bc55b80cb423"
"src/mind_runtime/emotional_transition/effects.py","src/mind_runtime/emotional_transition/effects.py","SOURCE_OK","INCLUDE_UNCHANGED","Canonical source/test/config file required for development or verification.","ab2e5cee7a7dc7f148177e0beadcd946696b56cee5071daca192b6e3e370cb25","ab2e5cee7a7dc7f148177e0beadcd946696b56cee5071daca192b6e3e370cb25"
"src/mind_runtime/emotional_transition/factory.py","src/mind_runtime/emotional_transition/factory.py","SOURCE_OK","INCLUDE_UNCHANGED","Canonical source/test/config file required for development or verification.","7050fb286562d3f6f21298e4c5b6d94ad36889644bfd7d43a1ec72a3533a884d","7050fb286562d3f6f21298e4c5b6d94ad36889644bfd7d43a1ec72a3533a884d"
"src/mind_runtime/emotional_transition/glm_provider.py","src/mind_runtime/emotional_transition/glm_provider.py","SOURCE_OK","INCLUDE_UNCHANGED","Canonical source/test/config file required for development or verification.","6672cf73f3413989379a3fbb0ab5d3aa5c00b35a5b6c54149ce7c0f12425a840","6672cf73f3413989379a3fbb0ab5d3aa5c00b35a5b6c54149ce7c0f12425a840"
"src/mind_runtime/emotional_transition/history.py","src/mind_runtime/emotional_transition/history.py","SOURCE_OK","INCLUDE_UNCHANGED","Canonical source/test/config file required for development or verification.","64525204953b4c461a6d74dc57bafc32e0992aa9f441ecd5770e590f6a261606","64525204953b4c461a6d74dc57bafc32e0992aa9f441ecd5770e590f6a261606"
"src/mind_runtime/emotional_transition/provider.py","src/mind_runtime/emotional_transition/provider.py","SOURCE_OK","INCLUDE_UNCHANGED","Canonical source/test/config file required for development or verification.","6ed4d5cad64ddb6c6d791048341328a044a31e8470fa082323ffa03f7ac1ab96","6ed4d5cad64ddb6c6d791048341328a044a31e8470fa082323ffa03f7ac1ab96"
"src/mind_runtime/emotional_transition/semantic.py","src/mind_runtime/emotional_transition/semantic.py","SOURCE_OK","INCLUDE_UNCHANGED","Canonical source/test/config file required for development or verification.","8c9e2aa5833fc479424ca7870e1ae14155e54e8706e165b3b6e23eafbb7d61dc","8c9e2aa5833fc479424ca7870e1ae14155e54e8706e165b3b6e23eafbb7d61dc"
"src/mind_runtime/emotional_transition/zen_provider.py","src/mind_runtime/emotional_transition/zen_provider.py","SOURCE_OK","INCLUDE_UNCHANGED","Canonical source/test/config file required for development or verification.","9072ce0481cf397fbf666dcee35ea205453b9c702afeb6d87014144ebeeb4c6e","9072ce0481cf397fbf666dcee35ea205453b9c702afeb6d87014144ebeeb4c6e"
"src/mind_runtime/expression/__init__.py","src/mind_runtime/expression/__init__.py","SOURCE_OK","INCLUDE_UNCHANGED","Canonical source/test/config file required for development or verification.","557e424f2955a828f2bc360adffd7c92533de86208440366e481c7c7b052b719","557e424f2955a828f2bc360adffd7c92533de86208440366e481c7c7b052b719"
"src/mind_runtime/expression/context.py","src/mind_runtime/expression/context.py","SOURCE_OK","INCLUDE_UNCHANGED","Canonical source/test/config file required for development or verification.","e4de2cc4d785dbf8cf8f47ed842acfd0b44a91d68be2f984335e081de9bf73e5","e4de2cc4d785dbf8cf8f47ed842acfd0b44a91d68be2f984335e081de9bf73e5"
"src/mind_runtime/expression/coordinator.py","src/mind_runtime/expression/coordinator.py","SOURCE_OK","INCLUDE_UNCHANGED","Canonical source/test/config file required for development or verification.","2d1decf4e07b5698c5f412f1bd0a311d2074883bc0bead4540a585e18fe5ef41","2d1decf4e07b5698c5f412f1bd0a311d2074883bc0bead4540a585e18fe5ef41"
"src/mind_runtime/expression/guards.py","src/mind_runtime/expression/guards.py","SOURCE_OK","INCLUDE_UNCHANGED","Canonical source/test/config file required for development or verification.","711381f9947c492781e969d1dd46db63c43b586a1c2a6d6f09e010ce7b5dcc27","711381f9947c492781e969d1dd46db63c43b586a1c2a6d6f09e010ce7b5dcc27"
"src/mind_runtime/expression/history.py","src/mind_runtime/expression/history.py","SOURCE_OK","INCLUDE_UNCHANGED","Canonical source/test/config file required for development or verification.","1ca73da97e83c5df985e98a2a96ce820837759ad7474b109fe6a9a1077930db7","1ca73da97e83c5df985e98a2a96ce820837759ad7474b109fe6a9a1077930db7"
"src/mind_runtime/expression/renderer.py","src/mind_runtime/expression/renderer.py","SOURCE_OK","INCLUDE_UNCHANGED","Canonical source/test/config file required for development or verification.","8a002916c5ca1d77d07992eb14804891cb38c719ce64290b1c110c5035f32af8","8a002916c5ca1d77d07992eb14804891cb38c719ce64290b1c110c5035f32af8"
"src/mind_runtime/facts/__init__.py","src/mind_runtime/facts/__init__.py","SOURCE_OK","INCLUDE_UNCHANGED","Canonical source/test/config file required for development or verification.","44d21f85f9fce5aeb1f3190c8e28734fb0d301095d8ea7ef13b27ff6265e310e","44d21f85f9fce5aeb1f3190c8e28734fb0d301095d8ea7ef13b27ff6265e310e"
"src/mind_runtime/facts/coordinator.py","src/mind_runtime/facts/coordinator.py","SOURCE_OK","INCLUDE_UNCHANGED","Canonical source/test/config file required for development or verification.","b9be2ebef142337454c949ec4fb30cb00c0e45d915b7f205f9c5c780dfe0177c","b9be2ebef142337454c949ec4fb30cb00c0e45d915b7f205f9c5c780dfe0177c"
"src/mind_runtime/facts/persistence.py","src/mind_runtime/facts/persistence.py","SOURCE_OK","INCLUDE_UNCHANGED","Canonical source/test/config file required for development or verification.","b082de18aa5d3d6d02331656c026b46a17131ed1b4696f617fb354fb268fc4ed","b082de18aa5d3d6d02331656c026b46a17131ed1b4696f617fb354fb268fc4ed"
"src/mind_runtime/facts/ports.py","src/mind_runtime/facts/ports.py","SOURCE_OK","INCLUDE_UNCHANGED","Canonical source/test/config file required for development or verification.","d4c07e8bc0df2415a0b446d715c647c7196cda2e274ff8926fb262ae646fcb22","d4c07e8bc0df2415a0b446d715c647c7196cda2e274ff8926fb262ae646fcb22"
"src/mind_runtime/facts/provenance.py","src/mind_runtime/facts/provenance.py","SOURCE_OK","INCLUDE_UNCHANGED","Canonical source/test/config file required for development or verification.","d34c7162fbcb15bd5eb1767bf2b13ca61aebc4f2f32b7a1ded92e72914ea5ed6","d34c7162fbcb15bd5eb1767bf2b13ca61aebc4f2f32b7a1ded92e72914ea5ed6"
"src/mind_runtime/facts/service.py","src/mind_runtime/facts/service.py","SOURCE_OK","INCLUDE_UNCHANGED","Canonical source/test/config file required for development or verification.","bee12001ddd1fb3df1e40fad73d58e249f2a06a91d824e50597c782fe1b85c7e","bee12001ddd1fb3df1e40fad73d58e249f2a06a91d824e50597c782fe1b85c7e"
"src/mind_runtime/facts/store.py","src/mind_runtime/facts/store.py","SOURCE_OK","INCLUDE_UNCHANGED","Canonical source/test/config file required for development or verification.","10bab2ab2db39e667b23b25266b5d9dbcc7e076ceff50a10a583b6c82b1d58d3","10bab2ab2db39e667b23b25266b5d9dbcc7e076ceff50a10a583b6c82b1d58d3"
"src/mind_runtime/facts/validators.py","src/mind_runtime/facts/validators.py","SOURCE_OK","INCLUDE_UNCHANGED","Canonical source/test/config file required for development or verification.","79fa0a9c1957eacbb6c2de699976adc66ec81dad7edcefd50f7b2267e352a585","79fa0a9c1957eacbb6c2de699976adc66ec81dad7edcefd50f7b2267e352a585"
"src/mind_runtime/homeostasis/__init__.py","src/mind_runtime/homeostasis/__init__.py","SOURCE_OK","INCLUDE_UNCHANGED","Canonical source/test/config file required for development or verification.","4c7f9aa42f637a5df90ce00617e0eb4c0fda5dd548038bb269c7cfc1d6b3ca74","4c7f9aa42f637a5df90ce00617e0eb4c0fda5dd548038bb269c7cfc1d6b3ca74"
"src/mind_runtime/homeostasis/contracts.py","src/mind_runtime/homeostasis/contracts.py","SOURCE_OK","INCLUDE_UNCHANGED","Canonical source/test/config file required for development or verification.","054aa2732a9951e07e846a1878e24fcd59d51477b3f4cb342011400240060ae6","054aa2732a9951e07e846a1878e24fcd59d51477b3f4cb342011400240060ae6"
"src/mind_runtime/homeostasis/policy.py","src/mind_runtime/homeostasis/policy.py","SOURCE_OK","INCLUDE_UNCHANGED","Canonical source/test/config file required for development or verification.","4cd82fa05ab89dad8a66e551a78be503fd03e88d5caece94a4fa8a7fdc611dc1","4cd82fa05ab89dad8a66e551a78be503fd03e88d5caece94a4fa8a7fdc611dc1"
"src/mind_runtime/host/__init__.py","src/mind_runtime/host/__init__.py","SOURCE_OK","INCLUDE_UNCHANGED","Canonical source/test/config file required for development or verification.","e1c00b764df7741f913b8e888cf389f193337fd01b754aa6e82948d51d88ff82","e1c00b764df7741f913b8e888cf389f193337fd01b754aa6e82948d51d88ff82"
"src/mind_runtime/host/port.py","src/mind_runtime/host/port.py","SOURCE_OK","INCLUDE_UNCHANGED","Canonical source/test/config file required for development or verification.","e8ab3ffc42d3d9e5113ad43e904535728d26dd2dc29521f19c25f43b8f9e7a36","e8ab3ffc42d3d9e5113ad43e904535728d26dd2dc29521f19c25f43b8f9e7a36"
"src/mind_runtime/host/runtime_adapter.py","src/mind_runtime/host/runtime_adapter.py","SOURCE_OK","INCLUDE_UNCHANGED","Canonical source/test/config file required for development or verification.","13b17946cef246237c63e6e797ba101b454d8c8f92e57e7720449b0562479923","13b17946cef246237c63e6e797ba101b454d8c8f92e57e7720449b0562479923"
"src/mind_runtime/host/xiyue_adapter.py","src/mind_runtime/host/xiyue_adapter.py","SOURCE_OK","INCLUDE_UNCHANGED","Canonical source/test/config file required for development or verification.","19f22323ff806f77a6b6e5e95ffee6310728e7098a573ab80664b5a36ec19975","19f22323ff806f77a6b6e5e95ffee6310728e7098a573ab80664b5a36ec19975"
"src/mind_runtime/integrations/__init__.py","src/mind_runtime/integrations/__init__.py","SOURCE_OK","INCLUDE_UNCHANGED","Canonical source/test/config file required for development or verification.","47043c9ea70b87159e60a9ba34bb3467d76ecef249f4a98daf6783cdfca413f7","47043c9ea70b87159e60a9ba34bb3467d76ecef249f4a98daf6783cdfca413f7"
"src/mind_runtime/integrations/lce.py","src/mind_runtime/integrations/lce.py","SOURCE_OK","INCLUDE_UNCHANGED","Canonical source/test/config file required for development or verification.","27ba4ac954e106403fbc517490cff262728fd60ba850d8f22a9da070d494af81","27ba4ac954e106403fbc517490cff262728fd60ba850d8f22a9da070d494af81"
"src/mind_runtime/intents/__init__.py","src/mind_runtime/intents/__init__.py","SOURCE_OK","INCLUDE_UNCHANGED","Canonical source/test/config file required for development or verification.","16aa5e314b90a0622fb2c4738d9887131499a80ad44fc4a244e8bae46bcb3ced","16aa5e314b90a0622fb2c4738d9887131499a80ad44fc4a244e8bae46bcb3ced"
"src/mind_runtime/intents/engine.py","src/mind_runtime/intents/engine.py","SOURCE_OK","INCLUDE_UNCHANGED","Canonical source/test/config file required for development or verification.","33e7907a5a8ab2eba6c1d5f700a03b75ec1ad24b3f44de69ad133f2d635245d9","33e7907a5a8ab2eba6c1d5f700a03b75ec1ad24b3f44de69ad133f2d635245d9"
"src/mind_runtime/intents/lifecycle.py","src/mind_runtime/intents/lifecycle.py","SOURCE_OK","INCLUDE_UNCHANGED","Canonical source/test/config file required for development or verification.","8f438dfc8a29773785732b805dac0c7b2b2336893f0956640271c990b5c757cf","8f438dfc8a29773785732b805dac0c7b2b2336893f0956640271c990b5c757cf"
"src/mind_runtime/intents/persistence.py","src/mind_runtime/intents/persistence.py","SOURCE_OK","INCLUDE_UNCHANGED","Canonical source/test/config file required for development or verification.","c8a210bc35fa1e97b391e3a00886f55910b981ecbd13f39f8440a8b8cd91a512","c8a210bc35fa1e97b391e3a00886f55910b981ecbd13f39f8440a8b8cd91a512"
"src/mind_runtime/intents/policy.py","src/mind_runtime/intents/policy.py","SOURCE_OK","INCLUDE_UNCHANGED","Canonical source/test/config file required for development or verification.","7140734026a0ce27535afb91e9c273dc6d23b722eaf27440cf458228fc4444a6","7140734026a0ce27535afb91e9c273dc6d23b722eaf27440cf458228fc4444a6"
"src/mind_runtime/intents/scheduler.py","src/mind_runtime/intents/scheduler.py","SOURCE_OK","INCLUDE_UNCHANGED","Canonical source/test/config file required for development or verification.","17f86cebd87d9ce2788fdca6bc099f7e1c6d11f04682072422f59b4309f57349","17f86cebd87d9ce2788fdca6bc099f7e1c6d11f04682072422f59b4309f57349"
"src/mind_runtime/lab/__init__.py","src/mind_runtime/lab/__init__.py","SOURCE_OK","INCLUDE_UNCHANGED","Canonical source/test/config file required for development or verification.","1cfb61910f87cb62679cfb1c167d02a0f4bc439036bb280644ab3d6954627d13","1cfb61910f87cb62679cfb1c167d02a0f4bc439036bb280644ab3d6954627d13"
"src/mind_runtime/lab/runtime.py","src/mind_runtime/lab/runtime.py","SOURCE_OK","INCLUDE_UNCHANGED","Canonical source/test/config file required for development or verification.","94a9af8b73d883fa51afb564d54ff7c360dc5d1975c4e1a64122024e2142ad0b","94a9af8b73d883fa51afb564d54ff7c360dc5d1975c4e1a64122024e2142ad0b"
"src/mind_runtime/memory/__init__.py","src/mind_runtime/memory/__init__.py","SOURCE_OK","INCLUDE_UNCHANGED","Canonical source/test/config file required for development or verification.","7892767cc07f2b42688bca15245a23598de48b38ba8b4201d03ce9a7ea19353b","7892767cc07f2b42688bca15245a23598de48b38ba8b4201d03ce9a7ea19353b"
"src/mind_runtime/memory/admission.py","src/mind_runtime/memory/admission.py","SOURCE_OK","INCLUDE_UNCHANGED","Canonical source/test/config file required for development or verification.","3aaa315d671592ed688d22aae55572670916809f68d827a1073c7f263a4d48d3","3aaa315d671592ed688d22aae55572670916809f68d827a1073c7f263a4d48d3"
"src/mind_runtime/memory/composition.py","src/mind_runtime/memory/composition.py","SOURCE_OK","INCLUDE_UNCHANGED","Canonical source/test/config file required for development or verification.","835c5f4f9de5379e9db36e91c65e95e96ddb90f0373d6190fe722057c22c153a","835c5f4f9de5379e9db36e91c65e95e96ddb90f0373d6190fe722057c22c153a"
"src/mind_runtime/memory/contracts.py","src/mind_runtime/memory/contracts.py","SOURCE_OK","INCLUDE_UNCHANGED","Canonical source/test/config file required for development or verification.","92f45f69be39068e8d3c0d3987a112de04cb6c669f26b21c589aeef77e93d78d","92f45f69be39068e8d3c0d3987a112de04cb6c669f26b21c589aeef77e93d78d"
"src/mind_runtime/memory/embedding.py","src/mind_runtime/memory/embedding.py","SOURCE_OK","INCLUDE_UNCHANGED","Canonical source/test/config file required for development or verification.","a19694445ca6c893ef39af9ec5d79edb5ed9516c6e4c0406e2b9123d584f1610","a19694445ca6c893ef39af9ec5d79edb5ed9516c6e4c0406e2b9123d584f1610"
"src/mind_runtime/memory/extraction.py","src/mind_runtime/memory/extraction.py","SOURCE_OK","INCLUDE_UNCHANGED","Canonical source/test/config file required for development or verification.","5f15bcd526bddedca72c64efe0134b2894b9757c7624a73cb953edcf31e009bd","5f15bcd526bddedca72c64efe0134b2894b9757c7624a73cb953edcf31e009bd"
"src/mind_runtime/memory/history.py","src/mind_runtime/memory/history.py","SOURCE_OK","INCLUDE_UNCHANGED","Canonical source/test/config file required for development or verification.","a53ddb97dbbb72dc11a3212c21c84f260498d8dd8f8ccaf2e1d09a439ccf3caf","a53ddb97dbbb72dc11a3212c21c84f260498d8dd8f8ccaf2e1d09a439ccf3caf"
"src/mind_runtime/memory/pending.py","src/mind_runtime/memory/pending.py","SOURCE_OK","INCLUDE_UNCHANGED","Canonical source/test/config file required for development or verification.","88eb0cb52e13d380f55eaab8ccda058f8e008591ef6346309dbcb43a5303503e","88eb0cb52e13d380f55eaab8ccda058f8e008591ef6346309dbcb43a5303503e"
"src/mind_runtime/memory/projection.py","src/mind_runtime/memory/projection.py","SOURCE_OK","INCLUDE_UNCHANGED","Canonical source/test/config file required for development or verification.","4f2ae3904054dab363fe414e06bb1e5ff4bffb022cce22892ea4d9f5d83dc4ae","4f2ae3904054dab363fe414e06bb1e5ff4bffb022cce22892ea4d9f5d83dc4ae"
"src/mind_runtime/memory/providers/__init__.py","src/mind_runtime/memory/providers/__init__.py","SOURCE_OK","INCLUDE_UNCHANGED","Canonical source/test/config file required for development or verification.","624e6bb9e104b62624fad15e4c57040b27a90bf87ca6ae9d02b5709782699b87","624e6bb9e104b62624fad15e4c57040b27a90bf87ca6ae9d02b5709782699b87"
"src/mind_runtime/memory/providers/errors.py","src/mind_runtime/memory/providers/errors.py","SOURCE_OK","INCLUDE_UNCHANGED","Canonical source/test/config file required for development or verification.","cd8a5594cd3ae82d71cb1f34ef41e21a31eef18804cb7ee0d6f6ab024607af11","cd8a5594cd3ae82d71cb1f34ef41e21a31eef18804cb7ee0d6f6ab024607af11"
"src/mind_runtime/memory/providers/fastembed.py","src/mind_runtime/memory/providers/fastembed.py","SOURCE_OK","INCLUDE_UNCHANGED","Canonical source/test/config file required for development or verification.","5648c5663ffa1b281e8e936ee4120a0995a90dafdffe113c12abd960a066b51f","5648c5663ffa1b281e8e936ee4120a0995a90dafdffe113c12abd960a066b51f"
"src/mind_runtime/memory/providers/qdrant.py","src/mind_runtime/memory/providers/qdrant.py","SOURCE_OK","INCLUDE_UNCHANGED","Canonical source/test/config file required for development or verification.","b1f95920e8e50a4a237455fb4158b25d1f98df4f1e4903c96c9732eaa14d54a5","b1f95920e8e50a4a237455fb4158b25d1f98df4f1e4903c96c9732eaa14d54a5"
"src/mind_runtime/memory/real_body_agent.py","src/mind_runtime/memory/real_body_agent.py","SOURCE_OK","INCLUDE_UNCHANGED","Canonical source/test/config file required for development or verification.","e1c2dc4b52f992d47af8cbd2cb0ca7318c3ac896ab72146397584bc05518f296","e1c2dc4b52f992d47af8cbd2cb0ca7318c3ac896ab72146397584bc05518f296"
"src/mind_runtime/memory/retrieval.py","src/mind_runtime/memory/retrieval.py","SOURCE_OK","INCLUDE_UNCHANGED","Canonical source/test/config file required for development or verification.","a984ad806ec1f0d805bf1baa23ca6faaee91c84efa77bc7258e495e9af2b46a9","a984ad806ec1f0d805bf1baa23ca6faaee91c84efa77bc7258e495e9af2b46a9"
"src/mind_runtime/memory/retrieval_composition.py","src/mind_runtime/memory/retrieval_composition.py","SOURCE_OK","INCLUDE_UNCHANGED","Canonical source/test/config file required for development or verification.","64ba78abf89e85573ece9d70b999e8b4cac62aeb59b64ae4f991c1c849f5f340","64ba78abf89e85573ece9d70b999e8b4cac62aeb59b64ae4f991c1c849f5f340"
"src/mind_runtime/memory/store.py","src/mind_runtime/memory/store.py","SOURCE_OK","INCLUDE_UNCHANGED","Canonical source/test/config file required for development or verification.","52179fbd0d9a531b5e56f3a720eae8f042c141001e59472dc3cf585f179ae4d6","52179fbd0d9a531b5e56f3a720eae8f042c141001e59472dc3cf585f179ae4d6"
"src/mind_runtime/persona_config.py","src/mind_runtime/persona_config.py","SOURCE_OK","INCLUDE_UNCHANGED","Canonical source/test/config file required for development or verification.","52b97dd7a01789154bda24d8b54be3d98c39596b7dcfea8ec9363ba79493c906","52b97dd7a01789154bda24d8b54be3d98c39596b7dcfea8ec9363ba79493c906"
"src/mind_runtime/pipeline/__init__.py","src/mind_runtime/pipeline/__init__.py","SOURCE_OK","INCLUDE_UNCHANGED","Canonical source/test/config file required for development or verification.","b67b1d85411b78696710f0948c6dbd24cbc9523defeca71e62df7a86291b96ac","b67b1d85411b78696710f0948c6dbd24cbc9523defeca71e62df7a86291b96ac"
"src/mind_runtime/pipeline/checkpoints.py","src/mind_runtime/pipeline/checkpoints.py","SOURCE_OK","INCLUDE_UNCHANGED","Canonical source/test/config file required for development or verification.","e295c137f8226dd3b569ad01bd61b3b54268502e961cb815f9bf7241357246d7","e295c137f8226dd3b569ad01bd61b3b54268502e961cb815f9bf7241357246d7"
"src/mind_runtime/pipeline/fake_agent.py","src/mind_runtime/pipeline/fake_agent.py","SOURCE_OK","INCLUDE_UNCHANGED","Canonical source/test/config file required for development or verification.","975f7432251584354e5ab1f0ab00d90dd28775f60d418e1f233a6055cdb6887b","975f7432251584354e5ab1f0ab00d90dd28775f60d418e1f233a6055cdb6887b"
"src/mind_runtime/pipeline/orchestrator.py","src/mind_runtime/pipeline/orchestrator.py","SOURCE_OK","INCLUDE_UNCHANGED","Canonical source/test/config file required for development or verification.","dd3e3999a684360575a86b4e500901e73056082faafa595f7dde387bbf12f567","dd3e3999a684360575a86b4e500901e73056082faafa595f7dde387bbf12f567"
"src/mind_runtime/pipeline/ports.py","src/mind_runtime/pipeline/ports.py","SOURCE_OK","INCLUDE_UNCHANGED","Canonical source/test/config file required for development or verification.","3633d5aa009e0a2f2233a84b254d29815fecb195db0f54b88e927c54587cc5f9","3633d5aa009e0a2f2233a84b254d29815fecb195db0f54b88e927c54587cc5f9"
"src/mind_runtime/pipeline/receipts.py","src/mind_runtime/pipeline/receipts.py","SOURCE_OK","INCLUDE_UNCHANGED","Canonical source/test/config file required for development or verification.","ca2835cbd9e7f4ec4898bdb1425c9dad5d03f4cfcdd3c9040f15ee8f3cb08262","ca2835cbd9e7f4ec4898bdb1425c9dad5d03f4cfcdd3c9040f15ee8f3cb08262"
"src/mind_runtime/pipeline/stubs.py","src/mind_runtime/pipeline/stubs.py","SOURCE_OK","INCLUDE_UNCHANGED","Canonical source/test/config file required for development or verification.","653a63971f93ca7da080c55c0b4f0edf740ca038f4bc9230f90c74af7eda502a","653a63971f93ca7da080c55c0b4f0edf740ca038f4bc9230f90c74af7eda502a"
"src/mind_runtime/pipeline/trace.py","src/mind_runtime/pipeline/trace.py","SOURCE_OK","INCLUDE_UNCHANGED","Canonical source/test/config file required for development or verification.","bf6131ef3de7fe4897edf6eeed7103e2ac4fdc8f3ff48d70ac4283695a13d003","bf6131ef3de7fe4897edf6eeed7103e2ac4fdc8f3ff48d70ac4283695a13d003"
"src/mind_runtime/projection/__init__.py","src/mind_runtime/projection/__init__.py","SOURCE_OK","INCLUDE_UNCHANGED","Canonical source/test/config file required for development or verification.","09ecb6a3617abe0c1174a0af9d5e321a4381f3a08aacb1ef073ebecb98d86f06","09ecb6a3617abe0c1174a0af9d5e321a4381f3a08aacb1ef073ebecb98d86f06"
"src/mind_runtime/projection/projector.py","src/mind_runtime/projection/projector.py","SOURCE_OK","INCLUDE_UNCHANGED","Canonical source/test/config file required for development or verification.","e5e230e70462cde66129ea3f72998722494e9d4336b905c6e5a7c2b4087565f2","e5e230e70462cde66129ea3f72998722494e9d4336b905c6e5a7c2b4087565f2"
"src/mind_runtime/projection/store.py","src/mind_runtime/projection/store.py","SOURCE_OK","INCLUDE_UNCHANGED","Canonical source/test/config file required for development or verification.","137334aa720244f9d89000a4e8440b6bd01e8dcec5014e8c1fbaa9acc03e88db","137334aa720244f9d89000a4e8440b6bd01e8dcec5014e8c1fbaa9acc03e88db"
"src/mind_runtime/providers/__init__.py","src/mind_runtime/providers/__init__.py","SOURCE_OK","INCLUDE_UNCHANGED","Canonical source/test/config file required for development or verification.","b9e25b0e97acc70eeb2087035009a6091c83b99857d16f0dc46b17d8bb98072c","b9e25b0e97acc70eeb2087035009a6091c83b99857d16f0dc46b17d8bb98072c"
"src/mind_runtime/providers/clock.py","src/mind_runtime/providers/clock.py","SOURCE_OK","INCLUDE_UNCHANGED","Canonical source/test/config file required for development or verification.","d44f885340a680f5fde2e448ad7dcdefb90713eabb080b7dbdb98c0150ccf0ff","d44f885340a680f5fde2e448ad7dcdefb90713eabb080b7dbdb98c0150ccf0ff"
"src/mind_runtime/replication/__init__.py","src/mind_runtime/replication/__init__.py","SOURCE_OK","INCLUDE_UNCHANGED","Canonical source/test/config file required for development or verification.","24cfda96348c2fa47478e2e92ea0a8d081de5132aca9ded1e36b8d8c1a7a42e7","24cfda96348c2fa47478e2e92ea0a8d081de5132aca9ded1e36b8d8c1a7a42e7"
"src/mind_runtime/replication/harness.py","src/mind_runtime/replication/harness.py","SOURCE_OK","INCLUDE_UNCHANGED","Canonical source/test/config file required for development or verification.","1bddd73544422e425138542f5076f59b87eb191a063db4a44e6512c1b53531d3","1bddd73544422e425138542f5076f59b87eb191a063db4a44e6512c1b53531d3"
"src/mind_runtime/runtime_admission.py","src/mind_runtime/runtime_admission.py","SOURCE_OK","INCLUDE_UNCHANGED","Canonical source/test/config file required for development or verification.","cca23e1bc0a5d52128edf66627a9563206b73920cd34388f89e9d58c189f6a6a","cca23e1bc0a5d52128edf66627a9563206b73920cd34388f89e9d58c189f6a6a"
"src/mind_runtime/runtime_binding.py","src/mind_runtime/runtime_binding.py","SOURCE_OK","INCLUDE_UNCHANGED","Canonical source/test/config file required for development or verification.","b564386f038209251d7ed8d69fde0f18f28b0c49128883907a8e9dc16118b7aa","b564386f038209251d7ed8d69fde0f18f28b0c49128883907a8e9dc16118b7aa"
"src/mind_runtime/runtime_config.py","src/mind_runtime/runtime_config.py","SOURCE_OK","INCLUDE_UNCHANGED","Canonical source/test/config file required for development or verification.","af8c68783e98e306ae0ce4ef7024bc0c8035e1cb8c0776e403210b7e3999e976","af8c68783e98e306ae0ce4ef7024bc0c8035e1cb8c0776e403210b7e3999e976"
"src/mind_runtime/shadow/__init__.py","src/mind_runtime/shadow/__init__.py","SOURCE_OK","INCLUDE_UNCHANGED","Canonical source/test/config file required for development or verification.","434f2cb7d51b245d26f2014e27b02b0d4b99ae5cfaf3d583163b156670933948","434f2cb7d51b245d26f2014e27b02b0d4b99ae5cfaf3d583163b156670933948"
"src/mind_runtime/shadow/affect.py","src/mind_runtime/shadow/affect.py","SOURCE_OK","INCLUDE_UNCHANGED","Canonical source/test/config file required for development or verification.","1818671c93202f909904b43a49212450508d2fe75e9bd1544ad44748b7562338","1818671c93202f909904b43a49212450508d2fe75e9bd1544ad44748b7562338"
"src/mind_runtime/shadow/backfill.py","src/mind_runtime/shadow/backfill.py","SOURCE_OK","INCLUDE_UNCHANGED","Canonical source/test/config file required for development or verification.","d0ed01bb63c616aa5f96b0d0a35330b2e9e38a598dcccf7db26078b33394de21","d0ed01bb63c616aa5f96b0d0a35330b2e9e38a598dcccf7db26078b33394de21"
"src/mind_runtime/shadow/classifier.py","src/mind_runtime/shadow/classifier.py","SOURCE_OK","INCLUDE_UNCHANGED","Canonical source/test/config file required for development or verification.","5844e24d763786baf50075b7970798238ed94230ce3cc54ee9ce6b6db53736cd","5844e24d763786baf50075b7970798238ed94230ce3cc54ee9ce6b6db53736cd"
"src/mind_runtime/shadow/contracts.py","src/mind_runtime/shadow/contracts.py","SOURCE_OK","INCLUDE_UNCHANGED","Canonical source/test/config file required for development or verification.","f87595134263d41d1f3c958ab2db036805f2060adb81daf7ffa461c4bca7d67b","f87595134263d41d1f3c958ab2db036805f2060adb81daf7ffa461c4bca7d67b"
"src/mind_runtime/shadow/daemon.py","src/mind_runtime/shadow/daemon.py","SANITIZE_REQUIRED","INCLUDE_SANITIZED","Portable seed copy removes fixed machine path or hardens local-data ignore policy; canonical source remains unchanged.","ecdd0cb534a6e4b590f4463e05117dac14b9d2d217a415cc2b37a4eaa834cffe","312f20d6869e9775789d6c1c19a962a0b200344628a9827a6a6f66cfaaffd628"
"src/mind_runtime/shadow/egress.py","src/mind_runtime/shadow/egress.py","SOURCE_OK","INCLUDE_UNCHANGED","Canonical source/test/config file required for development or verification.","d69be6a3e5be60c7b8ecb75f2d0d361935de2185e680be4ca5cb58bdcb5ee6af","d69be6a3e5be60c7b8ecb75f2d0d361935de2185e680be4ca5cb58bdcb5ee6af"
"src/mind_runtime/shadow/learn.py","src/mind_runtime/shadow/learn.py","SOURCE_OK","INCLUDE_UNCHANGED","Canonical source/test/config file required for development or verification.","d0ccaf85398cd80ec4490bfdbacf41defd07ea612455f6738e7f2524ace47da9","d0ccaf85398cd80ec4490bfdbacf41defd07ea612455f6738e7f2524ace47da9"
"src/mind_runtime/shadow/legacy_dto.py","src/mind_runtime/shadow/legacy_dto.py","SOURCE_OK","INCLUDE_UNCHANGED","Canonical source/test/config file required for development or verification.","b01d0bf867f74d31fc33107598fd760f4c22a39c2f16e2c44022d8c872a670e2","b01d0bf867f74d31fc33107598fd760f4c22a39c2f16e2c44022d8c872a670e2"
"src/mind_runtime/shadow/legacy_import.py","src/mind_runtime/shadow/legacy_import.py","SOURCE_OK","INCLUDE_UNCHANGED","Canonical source/test/config file required for development or verification.","874a6f3b8caff4f4289640e241c6effb77d821d792d561e6eba1d633386f0e82","874a6f3b8caff4f4289640e241c6effb77d821d792d561e6eba1d633386f0e82"
"src/mind_runtime/shadow/legacy_reader.py","src/mind_runtime/shadow/legacy_reader.py","SOURCE_OK","INCLUDE_UNCHANGED","Canonical source/test/config file required for development or verification.","6a5c004926d8c49752fe12a371b7cc20a94c2290c991f256468255a6e1e57cf6","6a5c004926d8c49752fe12a371b7cc20a94c2290c991f256468255a6e1e57cf6"
"src/mind_runtime/shadow/production_wiring.py","src/mind_runtime/shadow/production_wiring.py","SOURCE_OK","INCLUDE_UNCHANGED","Canonical source/test/config file required for development or verification.","53fcfafe40ee98af4edf7702578c20e352ca761128cd9667a312082bad2ed1d4","53fcfafe40ee98af4edf7702578c20e352ca761128cd9667a312082bad2ed1d4"
"src/mind_runtime/shadow/redaction.py","src/mind_runtime/shadow/redaction.py","SOURCE_OK","INCLUDE_UNCHANGED","Canonical source/test/config file required for development or verification.","efc331dcd2cfb409c5e97c58185e7d6329a314213d4ab72630d93155851722cf","efc331dcd2cfb409c5e97c58185e7d6329a314213d4ab72630d93155851722cf"
"src/mind_runtime/shadow/runner.py","src/mind_runtime/shadow/runner.py","SOURCE_OK","INCLUDE_UNCHANGED","Canonical source/test/config file required for development or verification.","e7a39efc8b54ee5270468fef27d9055c96b95de5acb4e87e9e126a8f893456e6","e7a39efc8b54ee5270468fef27d9055c96b95de5acb4e87e9e126a8f893456e6"
"src/mind_runtime/shadow/runtime_loop.py","src/mind_runtime/shadow/runtime_loop.py","SOURCE_OK","INCLUDE_UNCHANGED","Canonical source/test/config file required for development or verification.","3ecc7932e4bdf4cc4994515b88822b66279c78c820d66ebde8167414b0d3b667","3ecc7932e4bdf4cc4994515b88822b66279c78c820d66ebde8167414b0d3b667"
"src/mind_runtime/shadow/semantic_eval.py","src/mind_runtime/shadow/semantic_eval.py","SOURCE_OK","INCLUDE_UNCHANGED","Canonical source/test/config file required for development or verification.","89b67083ea6f88cd7f2ed46a485f0444d61ae3c081bb87aa6c638897baafe6b0","89b67083ea6f88cd7f2ed46a485f0444d61ae3c081bb87aa6c638897baafe6b0"
"src/mind_runtime/shadow/snapshot.py","src/mind_runtime/shadow/snapshot.py","SOURCE_OK","INCLUDE_UNCHANGED","Canonical source/test/config file required for development or verification.","d43d51ffbe48b1f13551c96d14eedd049c0c1fd827d15e259e91cc6e7d204a6a","d43d51ffbe48b1f13551c96d14eedd049c0c1fd827d15e259e91cc6e7d204a6a"
"src/mind_runtime/shadow/source_bridge.py","src/mind_runtime/shadow/source_bridge.py","SOURCE_OK","INCLUDE_UNCHANGED","Canonical source/test/config file required for development or verification.","62bc1ab51a854bb2ef12db1315b3acf09c17d83e29b6e4fc80fd806d9b4c9dfa","62bc1ab51a854bb2ef12db1315b3acf09c17d83e29b6e4fc80fd806d9b4c9dfa"
"src/mind_runtime/shadow/sources/__init__.py","src/mind_runtime/shadow/sources/__init__.py","SOURCE_OK","INCLUDE_UNCHANGED","Canonical source/test/config file required for development or verification.","5128cd8bb98c63372399eb1dec3f75d9d30cd4373be467d86bd8d5b029f2aff3","5128cd8bb98c63372399eb1dec3f75d9d30cd4373be467d86bd8d5b029f2aff3"
"src/mind_runtime/shadow/sources/hermes.py","src/mind_runtime/shadow/sources/hermes.py","SOURCE_OK","INCLUDE_UNCHANGED","Canonical source/test/config file required for development or verification.","995568075b74f92ea0fc3aa288a7695fd77aa453a6754bf1719ea2527333259b","995568075b74f92ea0fc3aa288a7695fd77aa453a6754bf1719ea2527333259b"
"src/mind_runtime/shadow/states.py","src/mind_runtime/shadow/states.py","SOURCE_OK","INCLUDE_UNCHANGED","Canonical source/test/config file required for development or verification.","1d967f731b309fb12f22f14f072b8307d0c2effbf57005c8c46dc16b4586c289","1d967f731b309fb12f22f14f072b8307d0c2effbf57005c8c46dc16b4586c289"
"src/mind_runtime/shadow/store.py","src/mind_runtime/shadow/store.py","SOURCE_OK","INCLUDE_UNCHANGED","Canonical source/test/config file required for development or verification.","0d25c94b07d7a077afca54b5c8ef10d869c642eb6ce39c0f32690d7ca73e3209","0d25c94b07d7a077afca54b5c8ef10d869c642eb6ce39c0f32690d7ca73e3209"
"src/mind_runtime/shadow/sync.py","src/mind_runtime/shadow/sync.py","SOURCE_OK","INCLUDE_UNCHANGED","Canonical source/test/config file required for development or verification.","5ffb79877b2ac6c86358b01b634245a1b9f0748e4a3d1dc83560264913287f8f","5ffb79877b2ac6c86358b01b634245a1b9f0748e4a3d1dc83560264913287f8f"
"src/mind_runtime/situation/__init__.py","src/mind_runtime/situation/__init__.py","SOURCE_OK","INCLUDE_UNCHANGED","Canonical source/test/config file required for development or verification.","adcb3fcb9c329914eeb54083fac690d2700bd35c521d8f8a5024766617783281","adcb3fcb9c329914eeb54083fac690d2700bd35c521d8f8a5024766617783281"
"src/mind_runtime/situation/builder.py","src/mind_runtime/situation/builder.py","SOURCE_OK","INCLUDE_UNCHANGED","Canonical source/test/config file required for development or verification.","6ddf09b6e19b930c5808413c5f44b15d7feece7c7b87419ef6af678e7c348020","6ddf09b6e19b930c5808413c5f44b15d7feece7c7b87419ef6af678e7c348020"
"src/mind_runtime/situation/derived.py","src/mind_runtime/situation/derived.py","SOURCE_OK","INCLUDE_UNCHANGED","Canonical source/test/config file required for development or verification.","8be1317ea71e5e2b4f3dd4a8de3b27178584212d40ef222b28d6d1dc85d4723e","8be1317ea71e5e2b4f3dd4a8de3b27178584212d40ef222b28d6d1dc85d4723e"
"src/mind_runtime/situation/temporal.py","src/mind_runtime/situation/temporal.py","SOURCE_OK","INCLUDE_UNCHANGED","Canonical source/test/config file required for development or verification.","3e1c4a4e56a517d9239e34e87ff3fe399d075e90eedc4153a177a130fc6b7b4d","3e1c4a4e56a517d9239e34e87ff3fe399d075e90eedc4153a177a130fc6b7b4d"
"src/mind_runtime/slow_plasticity/__init__.py","src/mind_runtime/slow_plasticity/__init__.py","SOURCE_OK","INCLUDE_UNCHANGED","Canonical source/test/config file required for development or verification.","1ca7139691a5b0512af4e35b34ce56095c36b396e5c6c246be3b42a293a6345f","1ca7139691a5b0512af4e35b34ce56095c36b396e5c6c246be3b42a293a6345f"
"src/mind_runtime/slow_plasticity/writer.py","src/mind_runtime/slow_plasticity/writer.py","SOURCE_OK","INCLUDE_UNCHANGED","Canonical source/test/config file required for development or verification.","a36adbf7ecd6f5485b2e6251280ca85758c937bfaf3307a6e993ccdecae136a7","a36adbf7ecd6f5485b2e6251280ca85758c937bfaf3307a6e993ccdecae136a7"
"src/mind_runtime/state/__init__.py","src/mind_runtime/state/__init__.py","SOURCE_OK","INCLUDE_UNCHANGED","Canonical source/test/config file required for development or verification.","edae8aace57d41171a914f8b4e58c96bb7dcf5f9495e7c436f99618dbcdf1e2e","edae8aace57d41171a914f8b4e58c96bb7dcf5f9495e7c436f99618dbcdf1e2e"
"src/mind_runtime/state/definitions.py","src/mind_runtime/state/definitions.py","SOURCE_OK","INCLUDE_UNCHANGED","Canonical source/test/config file required for development or verification.","1dc639dfd1965ec31830c860e8daa979819a70e052fe156c11f9c808d7e195ea","1dc639dfd1965ec31830c860e8daa979819a70e052fe156c11f9c808d7e195ea"
"src/mind_runtime/state/ids.py","src/mind_runtime/state/ids.py","SOURCE_OK","INCLUDE_UNCHANGED","Canonical source/test/config file required for development or verification.","d41e0b33c0c306f538d37ba85174e595549652cc0f0440e4d54a2fe223f66297","d41e0b33c0c306f538d37ba85174e595549652cc0f0440e4d54a2fe223f66297"
"src/mind_runtime/state/intents.py","src/mind_runtime/state/intents.py","SOURCE_OK","INCLUDE_UNCHANGED","Canonical source/test/config file required for development or verification.","cd7993a5afad3e93ed533a6d3d1c34caf9506f7fcb83059bd4622df223ccb484","cd7993a5afad3e93ed533a6d3d1c34caf9506f7fcb83059bd4622df223ccb484"
"src/mind_runtime/state/lifecycle.py","src/mind_runtime/state/lifecycle.py","SOURCE_OK","INCLUDE_UNCHANGED","Canonical source/test/config file required for development or verification.","2bcfad3e1cfa512c06d5ee703a709d5268d39f421b3ac6c6f09bdfd2af08456d","2bcfad3e1cfa512c06d5ee703a709d5268d39f421b3ac6c6f09bdfd2af08456d"
"src/mind_runtime/state/longitudinal.py","src/mind_runtime/state/longitudinal.py","SOURCE_OK","INCLUDE_UNCHANGED","Canonical source/test/config file required for development or verification.","8253c0d8060487ac63836dc6d7ad18cd3e5a74799489a6de8f7847c94982af9d","8253c0d8060487ac63836dc6d7ad18cd3e5a74799489a6de8f7847c94982af9d"
"src/mind_runtime/state/persistence.py","src/mind_runtime/state/persistence.py","SOURCE_OK","INCLUDE_UNCHANGED","Canonical source/test/config file required for development or verification.","13f9378cdf69ee9e5b6f288d56e0e1f15a7dde3bdcebbd26b7589a8a8b03acf2","13f9378cdf69ee9e5b6f288d56e0e1f15a7dde3bdcebbd26b7589a8a8b03acf2"
"src/mind_runtime/state/ports.py","src/mind_runtime/state/ports.py","SOURCE_OK","INCLUDE_UNCHANGED","Canonical source/test/config file required for development or verification.","864d7685e8863cac02fdff364aa2664c3b894052c93f31f7832483e955cef833","864d7685e8863cac02fdff364aa2664c3b894052c93f31f7832483e955cef833"
"src/mind_runtime/state/reconciler.py","src/mind_runtime/state/reconciler.py","SOURCE_OK","INCLUDE_UNCHANGED","Canonical source/test/config file required for development or verification.","3dbc5e165748529d5bbf28621bfba8ace044a7475acc6f5b6f43c5ec7a458555","3dbc5e165748529d5bbf28621bfba8ace044a7475acc6f5b6f43c5ec7a458555"
"src/mind_runtime/state/relevance.py","src/mind_runtime/state/relevance.py","SOURCE_OK","INCLUDE_UNCHANGED","Canonical source/test/config file required for development or verification.","51997a2829fd280acc0502f77a5761c48866c559ba7c182dd85b62fe109a5e37","51997a2829fd280acc0502f77a5761c48866c559ba7c182dd85b62fe109a5e37"
"src/mind_runtime/state/resolver.py","src/mind_runtime/state/resolver.py","SOURCE_OK","INCLUDE_UNCHANGED","Canonical source/test/config file required for development or verification.","31bf003ab886a18681258894bdf7128238c5951dc70335c1b2205e57165205a5","31bf003ab886a18681258894bdf7128238c5951dc70335c1b2205e57165205a5"
"src/mind_runtime/state/validity.py","src/mind_runtime/state/validity.py","SOURCE_OK","INCLUDE_UNCHANGED","Canonical source/test/config file required for development or verification.","29491dd959060112b4d052ad1b2059e7f2b6e11d9f01c46761bb134a13423315","29491dd959060112b4d052ad1b2059e7f2b6e11d9f01c46761bb134a13423315"
"src/mind_runtime/validation/__init__.py","src/mind_runtime/validation/__init__.py","SOURCE_OK","INCLUDE_UNCHANGED","Canonical source/test/config file required for development or verification.","9097fb7dfe95605f5b3b81cc3b10db292e2e35c8234e39dd57fe4022f4d14603","9097fb7dfe95605f5b3b81cc3b10db292e2e35c8234e39dd57fe4022f4d14603"
"src/mind_runtime/validation/composition.py","src/mind_runtime/validation/composition.py","SOURCE_OK","INCLUDE_UNCHANGED","Canonical source/test/config file required for development or verification.","aff65fa13b217245faa554dec4457c773675d92cd68c9f1ed7d049c74dc03da8","aff65fa13b217245faa554dec4457c773675d92cd68c9f1ed7d049c74dc03da8"
"src/mind_runtime/validation/contracts.py","src/mind_runtime/validation/contracts.py","SOURCE_OK","INCLUDE_UNCHANGED","Canonical source/test/config file required for development or verification.","d035e3e810a70ff9322b3e5147559b6aa10fb6ff1be059d19d9bde21a3ed34d1","d035e3e810a70ff9322b3e5147559b6aa10fb6ff1be059d19d9bde21a3ed34d1"
"src/mind_runtime/validation/digest.py","src/mind_runtime/validation/digest.py","SOURCE_OK","INCLUDE_UNCHANGED","Canonical source/test/config file required for development or verification.","cd8c03cb1e0855079e04abf1f18a842e9bb692424352eab696cbf305d1f144c9","cd8c03cb1e0855079e04abf1f18a842e9bb692424352eab696cbf305d1f144c9"
"src/mind_runtime/validation/history_audit.py","src/mind_runtime/validation/history_audit.py","SOURCE_OK","INCLUDE_UNCHANGED","Canonical source/test/config file required for development or verification.","a8436e19edae7e9a5254aa9b504b5ae67bb01a08ec86ef28ed52549d52855b18","a8436e19edae7e9a5254aa9b504b5ae67bb01a08ec86ef28ed52549d52855b18"
"src/mind_runtime/validation/horizon.py","src/mind_runtime/validation/horizon.py","SOURCE_OK","INCLUDE_UNCHANGED","Canonical source/test/config file required for development or verification.","de560baedf675fa75b1f3d9cbfd7b0f39c89d04535238d91f36604642ee34df6","de560baedf675fa75b1f3d9cbfd7b0f39c89d04535238d91f36604642ee34df6"
"src/mind_runtime/validation/invariants.py","src/mind_runtime/validation/invariants.py","SOURCE_OK","INCLUDE_UNCHANGED","Canonical source/test/config file required for development or verification.","4c07a7293013847f1bcc67faaa7c2c79e3e904bad5a9615d12ec13ce349d955c","4c07a7293013847f1bcc67faaa7c2c79e3e904bad5a9615d12ec13ce349d955c"
"src/mind_runtime/validation/model_swap.py","src/mind_runtime/validation/model_swap.py","SOURCE_OK","INCLUDE_UNCHANGED","Canonical source/test/config file required for development or verification.","4938766b4b5a20a241495687426c591887dfb52eaa95f53173218a957d33b410","4938766b4b5a20a241495687426c591887dfb52eaa95f53173218a957d33b410"
"src/mind_runtime/validation/report.py","src/mind_runtime/validation/report.py","SOURCE_OK","INCLUDE_UNCHANGED","Canonical source/test/config file required for development or verification.","16f66f27868de6a6edc6a5753df6045287acd77e6f60c4b20867c8bab0e1a9b6","16f66f27868de6a6edc6a5753df6045287acd77e6f60c4b20867c8bab0e1a9b6"
"src/mind_runtime/validation/restart.py","src/mind_runtime/validation/restart.py","SOURCE_OK","INCLUDE_UNCHANGED","Canonical source/test/config file required for development or verification.","d0ed6e71db6a5969640928b6490a2cb2edf5d2f1d4a224e3e3b71397996b735b","d0ed6e71db6a5969640928b6490a2cb2edf5d2f1d4a224e3e3b71397996b735b"
"src/mind_runtime/validation/schedule.py","src/mind_runtime/validation/schedule.py","SOURCE_OK","INCLUDE_UNCHANGED","Canonical source/test/config file required for development or verification.","aa6d92be3aedea5ab3df688109c2aee990fcebc3c81079c910770cf96772df11","aa6d92be3aedea5ab3df688109c2aee990fcebc3c81079c910770cf96772df11"
"src/observation_window/__init__.py","src/observation_window/__init__.py","SOURCE_OK","INCLUDE_UNCHANGED","Canonical source/test/config file required for development or verification.","f6ed1424abfa939d96ed425605344ebc07024650439773fd598d0be44048c4b3","f6ed1424abfa939d96ed425605344ebc07024650439773fd598d0be44048c4b3"
"src/observation_window/binding.py","src/observation_window/binding.py","SOURCE_OK","INCLUDE_UNCHANGED","Canonical source/test/config file required for development or verification.","d56154b75ad5bd47292bc500fdc29444d8cfbaf2eb955e1564b9706bebb24c2c","d56154b75ad5bd47292bc500fdc29444d8cfbaf2eb955e1564b9706bebb24c2c"
"src/observation_window/binding_xiyue.py","src/observation_window/binding_xiyue.py","SOURCE_OK","INCLUDE_UNCHANGED","Canonical source/test/config file required for development or verification.","6bfbe817bfa5dce9dab6b2599bbf9ed72364a587aa2a39296730e7a58b1f2ca7","6bfbe817bfa5dce9dab6b2599bbf9ed72364a587aa2a39296730e7a58b1f2ca7"
"src/observation_window/causal_contracts.py","src/observation_window/causal_contracts.py","SOURCE_OK","INCLUDE_UNCHANGED","Canonical source/test/config file required for development or verification.","e85ec7a190cef5d60843273bea434fcae0f3a71dadb56c66a2e8cfcbf9dabe76","e85ec7a190cef5d60843273bea434fcae0f3a71dadb56c66a2e8cfcbf9dabe76"
"src/observation_window/causal_trace.py","src/observation_window/causal_trace.py","SOURCE_OK","INCLUDE_UNCHANGED","Canonical source/test/config file required for development or verification.","4f1d410cb6d6bb71bfa5d7d0256f737bf3a5a4b24181e1c537507d01bdd3649d","4f1d410cb6d6bb71bfa5d7d0256f737bf3a5a4b24181e1c537507d01bdd3649d"
"src/observation_window/contracts.py","src/observation_window/contracts.py","SOURCE_OK","INCLUDE_UNCHANGED","Canonical source/test/config file required for development or verification.","e8e636654a34ec2c21a3480fcacfd6da902de059816653ef243d9ca39605c161","e8e636654a34ec2c21a3480fcacfd6da902de059816653ef243d9ca39605c161"
"src/observation_window/human_causal_trace.py","src/observation_window/human_causal_trace.py","SOURCE_OK","INCLUDE_UNCHANGED","Canonical source/test/config file required for development or verification.","1f2a9091a6a26c1f3ae951a18dee78ae5643d62fa167e1e8604764504d5a8843","1f2a9091a6a26c1f3ae951a18dee78ae5643d62fa167e1e8604764504d5a8843"
"src/observation_window/live_runtime_trace.py","src/observation_window/live_runtime_trace.py","SANITIZE_REQUIRED","INCLUDE_SANITIZED","Portable seed copy removes fixed machine path or hardens local-data ignore policy; canonical source remains unchanged.","30d53deac1f0614935e182e35a1a5a16ac5a3920d105f5b499be9862fe0be4dc","07b69db7d6641ad014ea5280fb21b6f873c5bea9a475bea1c2039f1591f095e4"
"src/observation_window/live_trace.py","src/observation_window/live_trace.py","SOURCE_OK","INCLUDE_UNCHANGED","Canonical source/test/config file required for development or verification.","c08a2160fa02494fe5bf5812d457338980676ff0c0b2837e7ff77bdc0337d34c","c08a2160fa02494fe5bf5812d457338980676ff0c0b2837e7ff77bdc0337d34c"
"src/observation_window/ow3_ui.py","src/observation_window/ow3_ui.py","SOURCE_OK","INCLUDE_UNCHANGED","Canonical source/test/config file required for development or verification.","ef6a473efff031f2ee044d667586b1e89a206a7df6657adb96c7f64df67ebb7e","ef6a473efff031f2ee044d667586b1e89a206a7df6657adb96c7f64df67ebb7e"
"src/observation_window/provenance.py","src/observation_window/provenance.py","SOURCE_OK","INCLUDE_UNCHANGED","Canonical source/test/config file required for development or verification.","d75c334945f83a8f8e43c4a11a4760f0f59b0cabb66a9039bbf53608431ae395","d75c334945f83a8f8e43c4a11a4760f0f59b0cabb66a9039bbf53608431ae395"
"src/observation_window/query_service.py","src/observation_window/query_service.py","SOURCE_OK","INCLUDE_UNCHANGED","Canonical source/test/config file required for development or verification.","bc1c2cd2f0d9b54b06e394e960850f72ee4a2f6953d2d6c46f02638076664df2","bc1c2cd2f0d9b54b06e394e960850f72ee4a2f6953d2d6c46f02638076664df2"
"src/observation_window/transient_trace_journal.py","src/observation_window/transient_trace_journal.py","SOURCE_OK","INCLUDE_UNCHANGED","Canonical source/test/config file required for development or verification.","1f36c59945d5a68ea6b31f317be5cda9466dcd116cbacf019e061b3491349695","1f36c59945d5a68ea6b31f317be5cda9466dcd116cbacf019e061b3491349695"
"src/observation_window/ui.py","src/observation_window/ui.py","SOURCE_OK","INCLUDE_UNCHANGED","Canonical source/test/config file required for development or verification.","d02b478075f3dc721e381dda55546caa2ce73eff90b2b37eaf48dd080e81ac5e","d02b478075f3dc721e381dda55546caa2ce73eff90b2b37eaf48dd080e81ac5e"
"src/observation_window/web/__init__.py","src/observation_window/web/__init__.py","SOURCE_OK","INCLUDE_UNCHANGED","Canonical source/test/config file required for development or verification.","320af1b4f62d2d743617038cb59cf107917411e39935059c2b402163c10222fc","320af1b4f62d2d743617038cb59cf107917411e39935059c2b402163c10222fc"
"src/observation_window/web/__main__.py","src/observation_window/web/__main__.py","SOURCE_OK","INCLUDE_UNCHANGED","Canonical source/test/config file required for development or verification.","485b0a4773d91f1e177c313b780f41d0280bb0aec163ad4e39ece46a727ede93","485b0a4773d91f1e177c313b780f41d0280bb0aec163ad4e39ece46a727ede93"
"src/observation_window/web/api.py","src/observation_window/web/api.py","SOURCE_OK","INCLUDE_UNCHANGED","Canonical source/test/config file required for development or verification.","d329c8793f1925b2f2748be433476e5be0bb90e6fc411bf0399f4dc95a4212bf","d329c8793f1925b2f2748be433476e5be0bb90e6fc411bf0399f4dc95a4212bf"
"src/observation_window/web/runtime.py","src/observation_window/web/runtime.py","SOURCE_OK","INCLUDE_UNCHANGED","Canonical source/test/config file required for development or verification.","289d248c0a85cfd8e7e55094bdd9c2c052086aa18b2488fadf3d14e2dcac8fca","289d248c0a85cfd8e7e55094bdd9c2c052086aa18b2488fadf3d14e2dcac8fca"
"src/observation_window/web/server.py","src/observation_window/web/server.py","SOURCE_OK","INCLUDE_UNCHANGED","Canonical source/test/config file required for development or verification.","aa0b2efbfaf1140cf92a70538d31db75544a609ca8de042f8ea3e8b1565e5f20","aa0b2efbfaf1140cf92a70538d31db75544a609ca8de042f8ea3e8b1565e5f20"
"src/observation_window/web/sources.py","src/observation_window/web/sources.py","SOURCE_OK","INCLUDE_UNCHANGED","Canonical source/test/config file required for development or verification.","0e4cf2c0c62fd233d8b9748e56b6397293f3f6310d6f5722a0b98ed52e6d36d8","0e4cf2c0c62fd233d8b9748e56b6397293f3f6310d6f5722a0b98ed52e6d36d8"
"src/observation_window/web/static/causal.html","src/observation_window/web/static/causal.html","SOURCE_OK","INCLUDE_UNCHANGED","Canonical source/test/config file required for development or verification.","1e0e7b479770015f9a6aef16c3dc99773f5a3883998cda36bf80511266663e06","1e0e7b479770015f9a6aef16c3dc99773f5a3883998cda36bf80511266663e06"
"src/observation_window/web/static/display_zh.js","src/observation_window/web/static/display_zh.js","SOURCE_OK","INCLUDE_UNCHANGED","Canonical source/test/config file required for development or verification.","685204dcadd5311fc2950a0dfc76ad9e222b2dbddcb5ae380ddb353b686676da","685204dcadd5311fc2950a0dfc76ad9e222b2dbddcb5ae380ddb353b686676da"
"src/observation_window/web/static/history.html","src/observation_window/web/static/history.html","SOURCE_OK","INCLUDE_UNCHANGED","Canonical source/test/config file required for development or verification.","6c0fdd85000c1596550e50cfe2637d5bf1b611679feb6f5dc8d21c3d607a0495","6c0fdd85000c1596550e50cfe2637d5bf1b611679feb6f5dc8d21c3d607a0495"
"src/observation_window/web/static/ledger.html","src/observation_window/web/static/ledger.html","SOURCE_OK","INCLUDE_UNCHANGED","Canonical source/test/config file required for development or verification.","cb514b1235c3e442d783ad65de19b9bf7ccb61791b77dc14d86b4ffe19a0e114","cb514b1235c3e442d783ad65de19b9bf7ccb61791b77dc14d86b4ffe19a0e114"
"src/observation_window/web/static/live_trace.html","src/observation_window/web/static/live_trace.html","SOURCE_OK","INCLUDE_UNCHANGED","Canonical source/test/config file required for development or verification.","b904a492de0d68baf33f0e41a9d89830f738b37c4a41592da407e4cdad02c660","b904a492de0d68baf33f0e41a9d89830f738b37c4a41592da407e4cdad02c660"
"src/observation_window/web/static/moments.html","src/observation_window/web/static/moments.html","SOURCE_OK","INCLUDE_UNCHANGED","Canonical source/test/config file required for development or verification.","63acddd45b29b3ba901fc06881859d1524cabf77546265bf81528620ee4e66c6","63acddd45b29b3ba901fc06881859d1524cabf77546265bf81528620ee4e66c6"
"src/observation_window/web/static/overview.html","src/observation_window/web/static/overview.html","SOURCE_OK","INCLUDE_UNCHANGED","Canonical source/test/config file required for development or verification.","92c973354b15261c2bd0dfe39f7a00bb556338af16cfacd27410c9504b48c638","92c973354b15261c2bd0dfe39f7a00bb556338af16cfacd27410c9504b48c638"
"src/observation_window/web/static/runtime_scope.js","src/observation_window/web/static/runtime_scope.js","SOURCE_OK","INCLUDE_UNCHANGED","Canonical source/test/config file required for development or verification.","4d16b6de85be4f1e6f526d4009c0efa1c13485d4672e7f180e459997335c04bc","4d16b6de85be4f1e6f526d4009c0efa1c13485d4672e7f180e459997335c04bc"
"src/observation_window/web/static/runtime_selector.js","src/observation_window/web/static/runtime_selector.js","SOURCE_OK","INCLUDE_UNCHANGED","Canonical source/test/config file required for development or verification.","e656616af4bc5c87873b5f4fe5db5d2abfe9097cabec0d13ff75fefd0d448d74","e656616af4bc5c87873b5f4fe5db5d2abfe9097cabec0d13ff75fefd0d448d74"
"src/observation_window/web/static/state.html","src/observation_window/web/static/state.html","SOURCE_OK","INCLUDE_UNCHANGED","Canonical source/test/config file required for development or verification.","6ece28ec3c5f051676cd27f3eb0f4b7d71f673d4b6855938ad6d15e79663a272","6ece28ec3c5f051676cd27f3eb0f4b7d71f673d4b6855938ad6d15e79663a272"
"src/observation_window/web/static/style.css","src/observation_window/web/static/style.css","SOURCE_OK","INCLUDE_UNCHANGED","Canonical source/test/config file required for development or verification.","bebb7b50fa8575e8c3e536c1dc1c093fab0919ce91d1bdd026c6db9a35494f5d","bebb7b50fa8575e8c3e536c1dc1c093fab0919ce91d1bdd026c6db9a35494f5d"
"src/observation_window/web/static/timeline.html","src/observation_window/web/static/timeline.html","SOURCE_OK","INCLUDE_UNCHANGED","Canonical source/test/config file required for development or verification.","33b7de788173e941b7d9f019eeec3920d9648cde03cd1ca97fd5e17dbfae1b92","33b7de788173e941b7d9f019eeec3920d9648cde03cd1ca97fd5e17dbfae1b92"
"src/observation_window/web/wiring.py","src/observation_window/web/wiring.py","SOURCE_OK","INCLUDE_UNCHANGED","Canonical source/test/config file required for development or verification.","cfb12c88e523563c0f432b3723b1dd1af23ac505e49f6b8e602f2c8db57efa3b","cfb12c88e523563c0f432b3723b1dd1af23ac505e49f6b8e602f2c8db57efa3b"
"tests/__init__.py","tests/__init__.py","SOURCE_OK","INCLUDE_UNCHANGED","Canonical source/test/config file required for development or verification.","d090786b2cc7ae6fdfd110f8ee80a6e489a1439c0e12787263ebbb4f3c31b0e0","d090786b2cc7ae6fdfd110f8ee80a6e489a1439c0e12787263ebbb4f3c31b0e0"
"tests/alpha_body_causal/test_body_causal_alpha.py","tests/alpha_body_causal/test_body_causal_alpha.py","SOURCE_OK","INCLUDE_UNCHANGED","Canonical source/test/config file required for development or verification.","b50fd83cb2d9ddb0b7520c5464af3e47842d43561edd71ba89f8c24060643423","b50fd83cb2d9ddb0b7520c5464af3e47842d43561edd71ba89f8c24060643423"
"tests/architecture/__init__.py","tests/architecture/__init__.py","SOURCE_OK","INCLUDE_UNCHANGED","Canonical source/test/config file required for development or verification.","e18add2a6c12de9ae65b81ba8636909b0af403bc6e11f4e70092c422b512a308","e18add2a6c12de9ae65b81ba8636909b0af403bc6e11f4e70092c422b512a308"
"tests/architecture/compression_cases.py","tests/architecture/compression_cases.py","SOURCE_OK","INCLUDE_UNCHANGED","Canonical source/test/config file required for development or verification.","d46fb00e6c6bd365929cbcbbe2fba41aa4b9454568cc73ec81fad101e266c09e","d46fb00e6c6bd365929cbcbbe2fba41aa4b9454568cc73ec81fad101e266c09e"
"tests/architecture/test_compression_comparison.py","tests/architecture/test_compression_comparison.py","SOURCE_OK","INCLUDE_UNCHANGED","Canonical source/test/config file required for development or verification.","6efe4b86c737e53d317d3006c19ce54af1562945d17011bc8a1a10b8c3a0832c","6efe4b86c737e53d317d3006c19ce54af1562945d17011bc8a1a10b8c3a0832c"
"tests/architecture/test_runtime_single_writer_admission.py","tests/architecture/test_runtime_single_writer_admission.py","SOURCE_OK","INCLUDE_UNCHANGED","Canonical source/test/config file required for development or verification.","9cf5ad5d5abc037d08e934b1920aaaa23875beb5a044acd7b0051a15ef69aec5","9cf5ad5d5abc037d08e934b1920aaaa23875beb5a044acd7b0051a15ef69aec5"
"tests/architecture/test_single_writer_reality_probe.py","tests/architecture/test_single_writer_reality_probe.py","SOURCE_OK","INCLUDE_UNCHANGED","Canonical source/test/config file required for development or verification.","bb96170f313c0d8611dddb2dee7aa0626c63d31975af683d3f5c79cc9f46d012","bb96170f313c0d8611dddb2dee7aa0626c63d31975af683d3f5c79cc9f46d012"
"tests/c8b/test_c8b_shadow_red.py","tests/c8b/test_c8b_shadow_red.py","SOURCE_OK","INCLUDE_UNCHANGED","Canonical source/test/config file required for development or verification.","5ac3c70f59b5e6f816ae96415ed18616784b3fa5727dd8f13b8490377de0cfde","5ac3c70f59b5e6f816ae96415ed18616784b3fa5727dd8f13b8490377de0cfde"
"tests/c8b/test_c8b_shadow_runner.py","tests/c8b/test_c8b_shadow_runner.py","SOURCE_OK","INCLUDE_UNCHANGED","Canonical source/test/config file required for development or verification.","b3ef1fb5689d4e1d93f89e4b6cf35f69146fef799990f01b59f0a81c8fe2e41d","b3ef1fb5689d4e1d93f89e4b6cf35f69146fef799990f01b59f0a81c8fe2e41d"
"tests/cognition/test_cognitive_tick.py","tests/cognition/test_cognitive_tick.py","SOURCE_OK","INCLUDE_UNCHANGED","Canonical source/test/config file required for development or verification.","aa1990e361136050c9ba80069ff338f8c5564dbec485adb006b66c7eaf09f972","aa1990e361136050c9ba80069ff338f8c5564dbec485adb006b66c7eaf09f972"
"tests/cognition/test_tick_cli.py","tests/cognition/test_tick_cli.py","SOURCE_OK","INCLUDE_UNCHANGED","Canonical source/test/config file required for development or verification.","afd8975b49744eee4d26f8a3ee82adc3615a3c1898037ea94e0c65bec3129234","afd8975b49744eee4d26f8a3ee82adc3615a3c1898037ea94e0c65bec3129234"
"tests/cognition/test_tick_coverage.py","tests/cognition/test_tick_coverage.py","SOURCE_OK","INCLUDE_UNCHANGED","Canonical source/test/config file required for development or verification.","04d9b3039f9956b7579e70da1f5dc4adb7a49fa24c80bca63df3526becd117ae","04d9b3039f9956b7579e70da1f5dc4adb7a49fa24c80bca63df3526becd117ae"
"tests/cognition/test_tick_expression.py","tests/cognition/test_tick_expression.py","SOURCE_OK","INCLUDE_UNCHANGED","Canonical source/test/config file required for development or verification.","6843b8cb772a8c1b3540d90950180faa6afbd594d6c41a1dd3ba958930eff4d0","6843b8cb772a8c1b3540d90950180faa6afbd594d6c41a1dd3ba958930eff4d0"
"tests/cognition/test_tick_media_cadence.py","tests/cognition/test_tick_media_cadence.py","SOURCE_OK","INCLUDE_UNCHANGED","Canonical source/test/config file required for development or verification.","9a2098e770979329ae8d594d34d6e48a90eeb8794e39b596f2a975934c1cad92","9a2098e770979329ae8d594d34d6e48a90eeb8794e39b596f2a975934c1cad92"
"tests/conftest.py","tests/conftest.py","SOURCE_OK","INCLUDE_UNCHANGED","Canonical source/test/config file required for development or verification.","44728ff0014ae54e03064eda0c0e3cde96b93824f8a2985b3a04fa97e85a7945","44728ff0014ae54e03064eda0c0e3cde96b93824f8a2985b3a04fa97e85a7945"
"tests/contract/__init__.py","tests/contract/__init__.py","SOURCE_OK","INCLUDE_UNCHANGED","Canonical source/test/config file required for development or verification.","915da02e2a956f9e3d51e06b5566d76fcba11d09a3be9a8d91e6307571957f86","915da02e2a956f9e3d51e06b5566d76fcba11d09a3be9a8d91e6307571957f86"
"tests/contract/test_binding_registry_contract.py","tests/contract/test_binding_registry_contract.py","SOURCE_OK","INCLUDE_UNCHANGED","Canonical source/test/config file required for development or verification.","0ed934a7ebe3e6b0bd9ea027794815f88f6457c9d7f1205c3e336be2076dc709","0ed934a7ebe3e6b0bd9ea027794815f88f6457c9d7f1205c3e336be2076dc709"
"tests/contract/test_binding_registry_production_seam.py","tests/contract/test_binding_registry_production_seam.py","SOURCE_OK","INCLUDE_UNCHANGED","Canonical source/test/config file required for development or verification.","a0528c4a258b9c2e527a3d52c02c44839f507dcc10dfd84475de74010f4a00a3","a0528c4a258b9c2e527a3d52c02c44839f507dcc10dfd84475de74010f4a00a3"
"tests/contract/test_d10_expression_contracts.py","tests/contract/test_d10_expression_contracts.py","SOURCE_OK","INCLUDE_UNCHANGED","Canonical source/test/config file required for development or verification.","e56a4feb87de005dea590801302772d2c8a39096292ea646ab98012b336d4adf","e56a4feb87de005dea590801302772d2c8a39096292ea646ab98012b336d4adf"
"tests/contract/test_d1_1_interaction_scope.py","tests/contract/test_d1_1_interaction_scope.py","SOURCE_OK","INCLUDE_UNCHANGED","Canonical source/test/config file required for development or verification.","097c0d1c82124825416fe42ae3bda196663050ad4904fd050d2987e4540d53cc","097c0d1c82124825416fe42ae3bda196663050ad4904fd050d2987e4540d53cc"
"tests/contract/test_d1_2_evidence_observation_state_transition.py","tests/contract/test_d1_2_evidence_observation_state_transition.py","SOURCE_OK","INCLUDE_UNCHANGED","Canonical source/test/config file required for development or verification.","534aa02991f71b958539917c343d8b36ec6ff6dc3589811b0aecf9627f3c8c91","534aa02991f71b958539917c343d8b36ec6ff6dc3589811b0aecf9627f3c8c91"
"tests/contract/test_d1_3_projection_checkpoint_receipt.py","tests/contract/test_d1_3_projection_checkpoint_receipt.py","SOURCE_OK","INCLUDE_UNCHANGED","Canonical source/test/config file required for development or verification.","4ebba7b641f49cb8045362e7cf34d258816acce8143628ac05ee99e87538f0ad","4ebba7b641f49cb8045362e7cf34d258816acce8143628ac05ee99e87538f0ad"
"tests/contract/test_d1_4_situation_appraisal_pattern.py","tests/contract/test_d1_4_situation_appraisal_pattern.py","SOURCE_OK","INCLUDE_UNCHANGED","Canonical source/test/config file required for development or verification.","da03a3468cc4e7d1ab111d4062cc35077ce938d6d26ac2c94a5b07f401be0018","da03a3468cc4e7d1ab111d4062cc35077ce938d6d26ac2c94a5b07f401be0018"
"tests/contract/test_d1_5_affect_dynamics_motivation_action.py","tests/contract/test_d1_5_affect_dynamics_motivation_action.py","SOURCE_OK","INCLUDE_UNCHANGED","Canonical source/test/config file required for development or verification.","6c727bc4b8ac9f170e7f9b56568f752599c0ddbb0346bf46a5501fcfe1389d9e","6c727bc4b8ac9f170e7f9b56568f752599c0ddbb0346bf46a5501fcfe1389d9e"
"tests/contract/test_d1_6_decision_expression_trace_governance.py","tests/contract/test_d1_6_decision_expression_trace_governance.py","SOURCE_OK","INCLUDE_UNCHANGED","Canonical source/test/config file required for development or verification.","35683df9ae63ee300e0f7901d2edca6afcb820f826f8276a0f132586cb5c059a","35683df9ae63ee300e0f7901d2edca6afcb820f826f8276a0f132586cb5c059a"
"tests/contract/test_d1_7_replication.py","tests/contract/test_d1_7_replication.py","SOURCE_OK","INCLUDE_UNCHANGED","Canonical source/test/config file required for development or verification.","8c351904acef332866c49eeb6fdc5b22afb9afd0c68677356ef67dac7d9d386d","8c351904acef332866c49eeb6fdc5b22afb9afd0c68677356ef67dac7d9d386d"
"tests/contract/test_d7r_compressed_runtime.py","tests/contract/test_d7r_compressed_runtime.py","SOURCE_OK","INCLUDE_UNCHANGED","Canonical source/test/config file required for development or verification.","ca5053244360891c0af36b31803b23648985337b9edebf67c4ff7ff29933e3b4","ca5053244360891c0af36b31803b23648985337b9edebf67c4ff7ff29933e3b4"
"tests/contract/test_d8_emotional_transition.py","tests/contract/test_d8_emotional_transition.py","SOURCE_OK","INCLUDE_UNCHANGED","Canonical source/test/config file required for development or verification.","5954941781bfb8083af6e064992ab741c9dcabbec5661b26f6dc91caf9d8280e","5954941781bfb8083af6e064992ab741c9dcabbec5661b26f6dc91caf9d8280e"
"tests/contract/test_d9_intent_policy.py","tests/contract/test_d9_intent_policy.py","SOURCE_OK","INCLUDE_UNCHANGED","Canonical source/test/config file required for development or verification.","dc75ca95e92d0393b2e4488279026102dae4ffc31365499f059dc00761677e41","dc75ca95e92d0393b2e4488279026102dae4ffc31365499f059dc00761677e41"
"tests/contract/test_import_direction.py","tests/contract/test_import_direction.py","SOURCE_OK","INCLUDE_UNCHANGED","Canonical source/test/config file required for development or verification.","03cb5bf34e9f9d09adf4e810f02176a1e5b69ad9032d429278da184660e3cb86","03cb5bf34e9f9d09adf4e810f02176a1e5b69ad9032d429278da184660e3cb86"
"tests/delivery/__init__.py","tests/delivery/__init__.py","SOURCE_OK","INCLUDE_UNCHANGED","Canonical source/test/config file required for development or verification.","e3b0c44298fc1c149afbf4c8996fb92427ae41e4649b934ca495991b7852b855","e3b0c44298fc1c149afbf4c8996fb92427ae41e4649b934ca495991b7852b855"
"tests/delivery/test_c7a_delivery_contract.py","tests/delivery/test_c7a_delivery_contract.py","SOURCE_OK","INCLUDE_UNCHANGED","Canonical source/test/config file required for development or verification.","993ca34295ae74cd307fcd4500fe65ad01c375aec5e84cd6add34d048c6b330d","993ca34295ae74cd307fcd4500fe65ad01c375aec5e84cd6add34d048c6b330d"
"tests/delivery/test_c7b_coverage_gaps.py","tests/delivery/test_c7b_coverage_gaps.py","SOURCE_OK","INCLUDE_UNCHANGED","Canonical source/test/config file required for development or verification.","8b8a506e403889a2dafcb1aa74e1fc7cc4fafbd21579b713fc68daa1b078bc03","8b8a506e403889a2dafcb1aa74e1fc7cc4fafbd21579b713fc68daa1b078bc03"
"tests/delivery/test_c7b_crash_windows.py","tests/delivery/test_c7b_crash_windows.py","SOURCE_OK","INCLUDE_UNCHANGED","Canonical source/test/config file required for development or verification.","0680152eede7e5dc775d42e12c7488a92c15425c188297d7b1aef7783e9d2524","0680152eede7e5dc775d42e12c7488a92c15425c188297d7b1aef7783e9d2524"
"tests/delivery/test_c7b_daemon_recovery.py","tests/delivery/test_c7b_daemon_recovery.py","SOURCE_OK","INCLUDE_UNCHANGED","Canonical source/test/config file required for development or verification.","b5546becf24742ba3c7422d8241a8d2a0cecff04bc4af29fa361eb928c306a48","b5546becf24742ba3c7422d8241a8d2a0cecff04bc4af29fa361eb928c306a48"
"tests/delivery/test_c7b_durable_persistence.py","tests/delivery/test_c7b_durable_persistence.py","SOURCE_OK","INCLUDE_UNCHANGED","Canonical source/test/config file required for development or verification.","183a6ad87ac6d2629d63e74d0af7efbcf012644c916d83a901ae30496a5f5e6c","183a6ad87ac6d2629d63e74d0af7efbcf012644c916d83a901ae30496a5f5e6c"
"tests/delivery/test_c7b_idempotency_levels.py","tests/delivery/test_c7b_idempotency_levels.py","SOURCE_OK","INCLUDE_UNCHANGED","Canonical source/test/config file required for development or verification.","5d1d00274043f51b07ee163c1cda1cac34191358ae7ec866cee171f7f3d1105f","5d1d00274043f51b07ee163c1cda1cac34191358ae7ec866cee171f7f3d1105f"
"tests/delivery/test_c7b_kill_switch.py","tests/delivery/test_c7b_kill_switch.py","SOURCE_OK","INCLUDE_UNCHANGED","Canonical source/test/config file required for development or verification.","99d4f7d2e3a11a3b5ad8746c58f8e664424bf2afe79546b26d50f5c971f92e4c","99d4f7d2e3a11a3b5ad8746c58f8e664424bf2afe79546b26d50f5c971f92e4c"
"tests/delivery/test_c7b_privacy.py","tests/delivery/test_c7b_privacy.py","SOURCE_OK","INCLUDE_UNCHANGED","Canonical source/test/config file required for development or verification.","0398a23e3e6ed8d1bb0d119842787a638aa8f780d471e75dbfce14ebc3a156f3","0398a23e3e6ed8d1bb0d119842787a638aa8f780d471e75dbfce14ebc3a156f3"
"tests/delivery/test_c7b_reconcile.py","tests/delivery/test_c7b_reconcile.py","SOURCE_OK","INCLUDE_UNCHANGED","Canonical source/test/config file required for development or verification.","119c0ea4ec1d767a8eaf637c960736cb46e7bf4e88a5b175b90b5d4621cd0409","119c0ea4ec1d767a8eaf637c960736cb46e7bf4e88a5b175b90b5d4621cd0409"
"tests/delivery/test_c7b_retry_policy.py","tests/delivery/test_c7b_retry_policy.py","SOURCE_OK","INCLUDE_UNCHANGED","Canonical source/test/config file required for development or verification.","1c55aee04e93b5664619add33dae35b56e140b55448a64abdde2cd2847891c0c","1c55aee04e93b5664619add33dae35b56e140b55448a64abdde2cd2847891c0c"
"tests/delivery/test_c7b_state_machine.py","tests/delivery/test_c7b_state_machine.py","SOURCE_OK","INCLUDE_UNCHANGED","Canonical source/test/config file required for development or verification.","e9505d1e643774ff40bb04e31f074fcf0ab4a8585f666362879cb40b9af3d9f6","e9505d1e643774ff40bb04e31f074fcf0ab4a8585f666362879cb40b9af3d9f6"
"tests/dynamics/__init__.py","tests/dynamics/__init__.py","SOURCE_OK","INCLUDE_UNCHANGED","Canonical source/test/config file required for development or verification.","d72d97ce5444f64f3ba395d2101bfeb86159d921105b21e49265efcb99d3c12f","d72d97ce5444f64f3ba395d2101bfeb86159d921105b21e49265efcb99d3c12f"
"tests/dynamics/test_coupling.py","tests/dynamics/test_coupling.py","SOURCE_OK","INCLUDE_UNCHANGED","Canonical source/test/config file required for development or verification.","c9cdcf7f7d3190145b769eaf06aae2364f0a5162a2ea32b9573f528613db3ffe","c9cdcf7f7d3190145b769eaf06aae2364f0a5162a2ea32b9573f528613db3ffe"
"tests/dynamics/test_engine_policies.py","tests/dynamics/test_engine_policies.py","SOURCE_OK","INCLUDE_UNCHANGED","Canonical source/test/config file required for development or verification.","4317ba2f7e8aea1fb984209f180d00164e41b50afd2212e14b1709dc3a226bb4","4317ba2f7e8aea1fb984209f180d00164e41b50afd2212e14b1709dc3a226bb4"
"tests/dynamics/test_kayla_v0.py","tests/dynamics/test_kayla_v0.py","SOURCE_OK","INCLUDE_UNCHANGED","Canonical source/test/config file required for development or verification.","c92d6e1b7b7fb1612d9c00a8565c4ec4af5fa5071a5e396e036eb819a973290d","c92d6e1b7b7fb1612d9c00a8565c4ec4af5fa5071a5e396e036eb819a973290d"
"tests/dynamics/test_persona.py","tests/dynamics/test_persona.py","SOURCE_OK","INCLUDE_UNCHANGED","Canonical source/test/config file required for development or verification.","a03a416077f3bb13c47ea4bcd39c35059c09a4287ef913e146dd3c7da4513293","a03a416077f3bb13c47ea4bcd39c35059c09a4287ef913e146dd3c7da4513293"
"tests/dynamics/test_policies.py","tests/dynamics/test_policies.py","SOURCE_OK","INCLUDE_UNCHANGED","Canonical source/test/config file required for development or verification.","73aaf39764285acb81227891c37533449b83980cbfa2ea68ead4b0ecf6f51e3c","73aaf39764285acb81227891c37533449b83980cbfa2ea68ead4b0ecf6f51e3c"
"tests/dynamics/test_ports.py","tests/dynamics/test_ports.py","SOURCE_OK","INCLUDE_UNCHANGED","Canonical source/test/config file required for development or verification.","e7d3bd8688a883e923be8a2867fac40768107c9d2462a3c3b887d21a78ae0683","e7d3bd8688a883e923be8a2867fac40768107c9d2462a3c3b887d21a78ae0683"
"tests/dynamics/test_registry.py","tests/dynamics/test_registry.py","SOURCE_OK","INCLUDE_UNCHANGED","Canonical source/test/config file required for development or verification.","9f381e7d4645a932f3d364af9b855938e40dbba88974b6e09f32941834e0efb0","9f381e7d4645a932f3d364af9b855938e40dbba88974b6e09f32941834e0efb0"
"tests/dynamics/test_return_to_baseline.py","tests/dynamics/test_return_to_baseline.py","SOURCE_OK","INCLUDE_UNCHANGED","Canonical source/test/config file required for development or verification.","bf6741bee44a16f684291a21a264bf9a208daf0e4625665408ba7c53fcda3870","bf6741bee44a16f684291a21a264bf9a208daf0e4625665408ba7c53fcda3870"
"tests/emotional_transition/__init__.py","tests/emotional_transition/__init__.py","SOURCE_OK","INCLUDE_UNCHANGED","Canonical source/test/config file required for development or verification.","9b3f62d3a6c3fc79f03f7bb39dd5db2922bb7ddd8fe22f70a7b49ae064a028d9","9b3f62d3a6c3fc79f03f7bb39dd5db2922bb7ddd8fe22f70a7b49ae064a028d9"
"tests/emotional_transition/test_appraisal_producer.py","tests/emotional_transition/test_appraisal_producer.py","SOURCE_OK","INCLUDE_UNCHANGED","Canonical source/test/config file required for development or verification.","add3cd9bfcc7aa181686986b805f4471d912fcd1fec11dc1f7996b6df0087bde","add3cd9bfcc7aa181686986b805f4471d912fcd1fec11dc1f7996b6df0087bde"
"tests/emotional_transition/test_effects.py","tests/emotional_transition/test_effects.py","SOURCE_OK","INCLUDE_UNCHANGED","Canonical source/test/config file required for development or verification.","f9b087790454f773da8faddea0e69c7e14b8afbfa8264fc28497fa94d8234a4e","f9b087790454f773da8faddea0e69c7e14b8afbfa8264fc28497fa94d8234a4e"
"tests/emotional_transition/test_factory.py","tests/emotional_transition/test_factory.py","SOURCE_OK","INCLUDE_UNCHANGED","Canonical source/test/config file required for development or verification.","3acf1f26524f19df088f56b5e4cfea2f3e7e3043283a74d683ba2cc4acf9560b","3acf1f26524f19df088f56b5e4cfea2f3e7e3043283a74d683ba2cc4acf9560b"
"tests/emotional_transition/test_glm_egress_allowlist.py","tests/emotional_transition/test_glm_egress_allowlist.py","SOURCE_OK","INCLUDE_UNCHANGED","Canonical source/test/config file required for development or verification.","9987b1b0e9211cfb4d1b9e21cc8bbd57f0230324915bee8b4bdd9c18e30b350a","9987b1b0e9211cfb4d1b9e21cc8bbd57f0230324915bee8b4bdd9c18e30b350a"
"tests/emotional_transition/test_grounding_handle.py","tests/emotional_transition/test_grounding_handle.py","SOURCE_OK","INCLUDE_UNCHANGED","Canonical source/test/config file required for development or verification.","a344799e5582ea0d1782d30ea3218982a33898d2283a1da6b288c0d943b5628f","a344799e5582ea0d1782d30ea3218982a33898d2283a1da6b288c0d943b5628f"
"tests/emotional_transition/test_history.py","tests/emotional_transition/test_history.py","SOURCE_OK","INCLUDE_UNCHANGED","Canonical source/test/config file required for development or verification.","f4c8d9c3d2eb95bbaaa14f2bf56a8e863b1fafb845eb803edad3773f351394d7","f4c8d9c3d2eb95bbaaa14f2bf56a8e863b1fafb845eb803edad3773f351394d7"
"tests/emotional_transition/test_live_provider_smoke.py","tests/emotional_transition/test_live_provider_smoke.py","SOURCE_OK","INCLUDE_UNCHANGED","Canonical source/test/config file required for development or verification.","8561c06fe5a52aff89cc0a4bffd8b81a1c731c2b8c4c824a3221aec3a85586d3","8561c06fe5a52aff89cc0a4bffd8b81a1c731c2b8c4c824a3221aec3a85586d3"
"tests/emotional_transition/test_semantic.py","tests/emotional_transition/test_semantic.py","SOURCE_OK","INCLUDE_UNCHANGED","Canonical source/test/config file required for development or verification.","a500dc88b639a28b9fdde76d138bd4020b71af4a30d591e8da133bd86ed62c8d","a500dc88b639a28b9fdde76d138bd4020b71af4a30d591e8da133bd86ed62c8d"
"tests/emotional_transition/test_transport_contract.py","tests/emotional_transition/test_transport_contract.py","SOURCE_OK","INCLUDE_UNCHANGED","Canonical source/test/config file required for development or verification.","1ce42ccb2026781903ed1000f85cab517fdb9f3eb9176ca18765832f86b17406","1ce42ccb2026781903ed1000f85cab517fdb9f3eb9176ca18765832f86b17406"
"tests/expression/__init__.py","tests/expression/__init__.py","SOURCE_OK","INCLUDE_UNCHANGED","Canonical source/test/config file required for development or verification.","4b7fb3a9edfc9fbe75abe2696e854c73a809030e941b86129602fbbb7e9c82cb","4b7fb3a9edfc9fbe75abe2696e854c73a809030e941b86129602fbbb7e9c82cb"
"tests/expression/test_context.py","tests/expression/test_context.py","SOURCE_OK","INCLUDE_UNCHANGED","Canonical source/test/config file required for development or verification.","ba9ee49e93cc3ad71421fcd586db7a746a7aa5d4fa0930c0c96d8f820f2f572a","ba9ee49e93cc3ad71421fcd586db7a746a7aa5d4fa0930c0c96d8f820f2f572a"
"tests/expression/test_context_slow_state.py","tests/expression/test_context_slow_state.py","SOURCE_OK","INCLUDE_UNCHANGED","Canonical source/test/config file required for development or verification.","180126b7bd0664fb8f7e7cca7c92ee5f0457b061d7a1d523b2f8cfe10784cf80","180126b7bd0664fb8f7e7cca7c92ee5f0457b061d7a1d523b2f8cfe10784cf80"
"tests/expression/test_coordinator.py","tests/expression/test_coordinator.py","SOURCE_OK","INCLUDE_UNCHANGED","Canonical source/test/config file required for development or verification.","3235a40bf602086d1e3ade44c39cfa5586c4806c3a8f387edd00be200edacd9d","3235a40bf602086d1e3ade44c39cfa5586c4806c3a8f387edd00be200edacd9d"
"tests/expression/test_guards.py","tests/expression/test_guards.py","SOURCE_OK","INCLUDE_UNCHANGED","Canonical source/test/config file required for development or verification.","615b13526d8b640df9d1804fc2e563a4544c76ff87f4e49a1aff267a4d383c30","615b13526d8b640df9d1804fc2e563a4544c76ff87f4e49a1aff267a4d383c30"
"tests/expression/test_renderer.py","tests/expression/test_renderer.py","SOURCE_OK","INCLUDE_UNCHANGED","Canonical source/test/config file required for development or verification.","359fdbde6039841f162f84b91fdff02adc47df8829d8d3f55f62d421c0e9414a","359fdbde6039841f162f84b91fdff02adc47df8829d8d3f55f62d421c0e9414a"
"tests/facts/__init__.py","tests/facts/__init__.py","SOURCE_OK","INCLUDE_UNCHANGED","Canonical source/test/config file required for development or verification.","0d1151bb15e99105a0b69d7e13bf6dc2c311014011d2ac22f6730b09f6c020b3","0d1151bb15e99105a0b69d7e13bf6dc2c311014011d2ac22f6730b09f6c020b3"
"tests/facts/pipeline.py","tests/facts/pipeline.py","SOURCE_OK","INCLUDE_UNCHANGED","Canonical source/test/config file required for development or verification.","94ce163da32d9f94c0b4f0aa20d87a94d52104e17fe9021a007345ebba080c17","94ce163da32d9f94c0b4f0aa20d87a94d52104e17fe9021a007345ebba080c17"
"tests/facts/test_admission.py","tests/facts/test_admission.py","SOURCE_OK","INCLUDE_UNCHANGED","Canonical source/test/config file required for development or verification.","a4700d527d05bc10ee5584088d4d46d666449ed1b52f1106883af5639e87aa67","a4700d527d05bc10ee5584088d4d46d666449ed1b52f1106883af5639e87aa67"
"tests/facts/test_admission_disposition.py","tests/facts/test_admission_disposition.py","SOURCE_OK","INCLUDE_UNCHANGED","Canonical source/test/config file required for development or verification.","4fd52ac421dfd6c4e3d7cdb36497c5f6773188bd9dc1e21e7e6ffdd0d7ceb78c","4fd52ac421dfd6c4e3d7cdb36497c5f6773188bd9dc1e21e7e6ffdd0d7ceb78c"
"tests/facts/test_coordinator.py","tests/facts/test_coordinator.py","SOURCE_OK","INCLUDE_UNCHANGED","Canonical source/test/config file required for development or verification.","b91c432450099653c3d721a1c1649094cca6e3c2719d8b8207976af507c25ccd","b91c432450099653c3d721a1c1649094cca6e3c2719d8b8207976af507c25ccd"
"tests/facts/test_coordinator_persistence.py","tests/facts/test_coordinator_persistence.py","SOURCE_OK","INCLUDE_UNCHANGED","Canonical source/test/config file required for development or verification.","ff8e0fc4c2b540a5d45c723f263d7c0d0ac564cd76597983db4ae3c2cf9bcef7","ff8e0fc4c2b540a5d45c723f263d7c0d0ac564cd76597983db4ae3c2cf9bcef7"
"tests/facts/test_persistence.py","tests/facts/test_persistence.py","SOURCE_OK","INCLUDE_UNCHANGED","Canonical source/test/config file required for development or verification.","c2c4adab7bd1b5936ca945577630a3c2a33632b954785ba6cd345650ed22c3fc","c2c4adab7bd1b5936ca945577630a3c2a33632b954785ba6cd345650ed22c3fc"
"tests/facts/test_provenance.py","tests/facts/test_provenance.py","SOURCE_OK","INCLUDE_UNCHANGED","Canonical source/test/config file required for development or verification.","05db9345a5314a2288c37db7cecc4cebedd5109cb996443107ab08a5ad78e5af","05db9345a5314a2288c37db7cecc4cebedd5109cb996443107ab08a5ad78e5af"
"tests/facts/test_service_persistence.py","tests/facts/test_service_persistence.py","SOURCE_OK","INCLUDE_UNCHANGED","Canonical source/test/config file required for development or verification.","a96210da23280796d14616b525b7011786906512f0f5af8099582e3a2265145e","a96210da23280796d14616b525b7011786906512f0f5af8099582e3a2265145e"
"tests/facts/test_store.py","tests/facts/test_store.py","SOURCE_OK","INCLUDE_UNCHANGED","Canonical source/test/config file required for development or verification.","f5bf217a117738c725ceb3b12f22038dc0eb4ff3a747fe98120a5e90f479ded3","f5bf217a117738c725ceb3b12f22038dc0eb4ff3a747fe98120a5e90f479ded3"
"tests/facts/test_validators.py","tests/facts/test_validators.py","SOURCE_OK","INCLUDE_UNCHANGED","Canonical source/test/config file required for development or verification.","420f1dea038174121f6de1a2de5306524f0837e62af4bcd44c0fd59e7d19397f","420f1dea038174121f6de1a2de5306524f0837e62af4bcd44c0fd59e7d19397f"
"tests/golden/__init__.py","tests/golden/__init__.py","SOURCE_OK","INCLUDE_UNCHANGED","Canonical source/test/config file required for development or verification.","17c9744670c7e243a1388a1a0c00802521ccd895546d7b510ae8610eed3cc7f9","17c9744670c7e243a1388a1a0c00802521ccd895546d7b510ae8610eed3cc7f9"
"tests/golden/fake_history.py","tests/golden/fake_history.py","SOURCE_OK","INCLUDE_UNCHANGED","Canonical source/test/config file required for development or verification.","7541c6691eb98bbbad341d1cf2da2f1f167026fa32b337d8dd7d8b37608261a7","7541c6691eb98bbbad341d1cf2da2f1f167026fa32b337d8dd7d8b37608261a7"
"tests/golden/fake_llm.py","tests/golden/fake_llm.py","SOURCE_OK","INCLUDE_UNCHANGED","Canonical source/test/config file required for development or verification.","1b851ddb1c6e0bebeb0433d21f54db9fa90de44f86dafaba95db8c097a1d7738","1b851ddb1c6e0bebeb0433d21f54db9fa90de44f86dafaba95db8c097a1d7738"
"tests/golden/fixtures/__init__.py","tests/golden/fixtures/__init__.py","SOURCE_OK","INCLUDE_UNCHANGED","Canonical source/test/config file required for development or verification.","4cd77b5416f43cd135f7f8d9c65c3dbe2e4e1b7aef6e130af6ba08823e8ec564","4cd77b5416f43cd135f7f8d9c65c3dbe2e4e1b7aef6e130af6ba08823e8ec564"
"tests/golden/fixtures/common.py","tests/golden/fixtures/common.py","SOURCE_OK","INCLUDE_UNCHANGED","Canonical source/test/config file required for development or verification.","95ac2845588b9b0bf9448064ca4010fab2b99068c44eb12cd3a40256a83b47dc","95ac2845588b9b0bf9448064ca4010fab2b99068c44eb12cd3a40256a83b47dc"
"tests/golden/fixtures/g11_g16.py","tests/golden/fixtures/g11_g16.py","SOURCE_OK","INCLUDE_UNCHANGED","Canonical source/test/config file required for development or verification.","96442318baa2d966e9ebb9bc9665789e51666efed7af90a58a7af8de4be0820b","96442318baa2d966e9ebb9bc9665789e51666efed7af90a58a7af8de4be0820b"
"tests/golden/fixtures/g13b_g16b.py","tests/golden/fixtures/g13b_g16b.py","SOURCE_OK","INCLUDE_UNCHANGED","Canonical source/test/config file required for development or verification.","431a01404f3bc3d6fa3e4b78436039c451127d7dad77b7be942f2467cc4d2b43","431a01404f3bc3d6fa3e4b78436039c451127d7dad77b7be942f2467cc4d2b43"
"tests/golden/fixtures/g1_g5.py","tests/golden/fixtures/g1_g5.py","SOURCE_OK","INCLUDE_UNCHANGED","Canonical source/test/config file required for development or verification.","cde131ad5d8ddb99ba0ee86106859004894432800331862e25994fd3c1a7aab8","cde131ad5d8ddb99ba0ee86106859004894432800331862e25994fd3c1a7aab8"
"tests/golden/fixtures/g24_g28.py","tests/golden/fixtures/g24_g28.py","SOURCE_OK","INCLUDE_UNCHANGED","Canonical source/test/config file required for development or verification.","5b461f8e112f39a7a044f57c9c7e599cbf5c5bbda0569b816fc55567c71cfea7","5b461f8e112f39a7a044f57c9c7e599cbf5c5bbda0569b816fc55567c71cfea7"
"tests/golden/fixtures/g6_g10.py","tests/golden/fixtures/g6_g10.py","SOURCE_OK","INCLUDE_UNCHANGED","Canonical source/test/config file required for development or verification.","d013f53720d41fe1056a756dbaa99cce0d7e69e2d63d3b31f83b8a9ab6d85fe2","d013f53720d41fe1056a756dbaa99cce0d7e69e2d63d3b31f83b8a9ab6d85fe2"
"tests/golden/runner.py","tests/golden/runner.py","SOURCE_OK","INCLUDE_UNCHANGED","Canonical source/test/config file required for development or verification.","c7fcdfd4edaa238e3a35b8a8c4deaea78b7408f2ad0e48ef286824aad2d3d95e","c7fcdfd4edaa238e3a35b8a8c4deaea78b7408f2ad0e48ef286824aad2d3d95e"
"tests/golden/scenario.py","tests/golden/scenario.py","SOURCE_OK","INCLUDE_UNCHANGED","Canonical source/test/config file required for development or verification.","60da224a6e3619bd6f43b55c7f2e5d38f67fb28d1327afc74b052c8084dfc58b","60da224a6e3619bd6f43b55c7f2e5d38f67fb28d1327afc74b052c8084dfc58b"
"tests/golden/test_fixture_schema.py","tests/golden/test_fixture_schema.py","SOURCE_OK","INCLUDE_UNCHANGED","Canonical source/test/config file required for development or verification.","59b84fa471f71dfb930869782dc76a7d321470159a6852710f06deaa493fa4a5","59b84fa471f71dfb930869782dc76a7d321470159a6852710f06deaa493fa4a5"
"tests/golden/test_golden_g11_g16.py","tests/golden/test_golden_g11_g16.py","SOURCE_OK","INCLUDE_UNCHANGED","Canonical source/test/config file required for development or verification.","00e1243cab5462cf2ce6a8bbe085371806b0e560966dd2312d9c95e8bc8b545f","00e1243cab5462cf2ce6a8bbe085371806b0e560966dd2312d9c95e8bc8b545f"
"tests/golden/test_golden_g13b_g16b.py","tests/golden/test_golden_g13b_g16b.py","SOURCE_OK","INCLUDE_UNCHANGED","Canonical source/test/config file required for development or verification.","7051d4fa95970e19c3a9e914583f1b03ffe7eda011092f80c3c7db489bf2a2b2","7051d4fa95970e19c3a9e914583f1b03ffe7eda011092f80c3c7db489bf2a2b2"
"tests/golden/test_golden_g1_g5.py","tests/golden/test_golden_g1_g5.py","SOURCE_OK","INCLUDE_UNCHANGED","Canonical source/test/config file required for development or verification.","27f61895bd1b6496994bd12487f5b8456957034ab26dcf4364f753d6125d8d59","27f61895bd1b6496994bd12487f5b8456957034ab26dcf4364f753d6125d8d59"
"tests/golden/test_golden_g24_g28.py","tests/golden/test_golden_g24_g28.py","SOURCE_OK","INCLUDE_UNCHANGED","Canonical source/test/config file required for development or verification.","f3d9e25f0e74ee9f1f0b2c9e1d6006f4685aea5fdbc42fc62386a26e5b24abb6","f3d9e25f0e74ee9f1f0b2c9e1d6006f4685aea5fdbc42fc62386a26e5b24abb6"
"tests/golden/test_golden_g6_g10.py","tests/golden/test_golden_g6_g10.py","SOURCE_OK","INCLUDE_UNCHANGED","Canonical source/test/config file required for development or verification.","b4dccd57e9ff3d6fc3cfecc8a765e53c5eeea83cfbcd4c360cb80b6622d8b7e9","b4dccd57e9ff3d6fc3cfecc8a765e53c5eeea83cfbcd4c360cb80b6622d8b7e9"
"tests/golden/test_runner.py","tests/golden/test_runner.py","SOURCE_OK","INCLUDE_UNCHANGED","Canonical source/test/config file required for development or verification.","36d51072de931a468b743cc5c29dd4bc8839496bc3d783c64bd04beac7a081bf","36d51072de931a468b743cc5c29dd4bc8839496bc3d783c64bd04beac7a081bf"
"tests/golden/test_xfail_audit.py","tests/golden/test_xfail_audit.py","SOURCE_OK","INCLUDE_UNCHANGED","Canonical source/test/config file required for development or verification.","cd29b62b6c189b6f07c05706c77a85005b6bc217f1c4fe632e1d30ca35f9636b","cd29b62b6c189b6f07c05706c77a85005b6bc217f1c4fe632e1d30ca35f9636b"
"tests/governance/__init__.py","tests/governance/__init__.py","SOURCE_OK","INCLUDE_UNCHANGED","Canonical source/test/config file required for development or verification.","fb51ce3b3b23e81b39347692ba6123ca042343f55f2f97b09a0e59cbd47e552b","fb51ce3b3b23e81b39347692ba6123ca042343f55f2f97b09a0e59cbd47e552b"
"tests/governance/test_d11s_gate.py","tests/governance/test_d11s_gate.py","SOURCE_OK","INCLUDE_UNCHANGED","Canonical source/test/config file required for development or verification.","8f9f8e49f5d44d006f850e8dfae6550a0d7c323e471df4cdfd9576054d2db8d5","8f9f8e49f5d44d006f850e8dfae6550a0d7c323e471df4cdfd9576054d2db8d5"
"tests/governance/test_d7r_architecture_authority.py","tests/governance/test_d7r_architecture_authority.py","SOURCE_OK","INCLUDE_UNCHANGED","Canonical source/test/config file required for development or verification.","47c2f5ef016c49e628ac324b707df0566423ed7cdcddcda4b6a3f097a80448a7","47c2f5ef016c49e628ac324b707df0566423ed7cdcddcda4b6a3f097a80448a7"
"tests/host/test_hermes_binding_discovery.py","tests/host/test_hermes_binding_discovery.py","SOURCE_OK","INCLUDE_UNCHANGED","Canonical source/test/config file required for development or verification.","0506e332926fb1a608a8d246a2beacbf55beffacd16cb45b16b23fe442e70844","0506e332926fb1a608a8d246a2beacbf55beffacd16cb45b16b23fe442e70844"
"tests/host/test_host_adapter.py","tests/host/test_host_adapter.py","SOURCE_OK","INCLUDE_UNCHANGED","Canonical source/test/config file required for development or verification.","0c758bb52874f60fe75ba66b947b2d7baf9a26af8c78675fe4d850e2b9db34bc","0c758bb52874f60fe75ba66b947b2d7baf9a26af8c78675fe4d850e2b9db34bc"
"tests/host/test_ow_agent_selector_phase3_v1.py","tests/host/test_ow_agent_selector_phase3_v1.py","SOURCE_OK","INCLUDE_UNCHANGED","Canonical source/test/config file required for development or verification.","1b2ffe4a47126a3a159062c81584e2fc1ecc105e6ff25f233991a0a6d2a8016f","1b2ffe4a47126a3a159062c81584e2fc1ecc105e6ff25f233991a0a6d2a8016f"
"tests/host/test_ow_binding_phase01_v1.py","tests/host/test_ow_binding_phase01_v1.py","SOURCE_OK","INCLUDE_UNCHANGED","Canonical source/test/config file required for development or verification.","b2d761e31561807f6022b11c578dbb7550ca81cf123d6ef885d17cf7987d6c05","b2d761e31561807f6022b11c578dbb7550ca81cf123d6ef885d17cf7987d6c05"
"tests/host/test_ow_binding_scoped_api_w2d_v1.py","tests/host/test_ow_binding_scoped_api_w2d_v1.py","SOURCE_OK","INCLUDE_UNCHANGED","Canonical source/test/config file required for development or verification.","7440a63ebcdd7e25a1ac89f0847dceaa178b512ea6535353a9d4df23b311d955","7440a63ebcdd7e25a1ac89f0847dceaa178b512ea6535353a9d4df23b311d955"
"tests/host/test_ow_human_causal_trace_v1.py","tests/host/test_ow_human_causal_trace_v1.py","SOURCE_OK","INCLUDE_UNCHANGED","Canonical source/test/config file required for development or verification.","a235079d3eba0103b29762b7dcca63be266f2eae4dc570a522fb0d8d12407b6b","a235079d3eba0103b29762b7dcca63be266f2eae4dc570a522fb0d8d12407b6b"
"tests/host/test_ow_human_trace_perf_v1.py","tests/host/test_ow_human_trace_perf_v1.py","SOURCE_OK","INCLUDE_UNCHANGED","Canonical source/test/config file required for development or verification.","bcd61b1d6f2a6ac24f84469ec750bd7e5b4cfbc5e54066ac12d90368a2d33d52","bcd61b1d6f2a6ac24f84469ec750bd7e5b4cfbc5e54066ac12d90368a2d33d52"
"tests/host/test_ow_i18n_projection_completeness_v1.py","tests/host/test_ow_i18n_projection_completeness_v1.py","SOURCE_OK","INCLUDE_UNCHANGED","Canonical source/test/config file required for development or verification.","7dd38841bf7dc79cce6606137dd14b82295e8344349e186f17dfe22aebc026d5","7dd38841bf7dc79cce6606137dd14b82295e8344349e186f17dfe22aebc026d5"
"tests/host/test_ow_legacy_default_binding_w2f_v1.py","tests/host/test_ow_legacy_default_binding_w2f_v1.py","SOURCE_OK","INCLUDE_UNCHANGED","Canonical source/test/config file required for development or verification.","f20bbc915fd69d6ac53876dddd12eeea81a43a1cb34b33c541aa3c96d48b71c4","f20bbc915fd69d6ac53876dddd12eeea81a43a1cb34b33c541aa3c96d48b71c4"
"tests/host/test_ow_overview_usability_v1.py","tests/host/test_ow_overview_usability_v1.py","SOURCE_OK","INCLUDE_UNCHANGED","Canonical source/test/config file required for development or verification.","44e22e3e84034ef8b18ade9dcf2fe55cf8bc750e08bce5ce0ca07483ebac856f","44e22e3e84034ef8b18ade9dcf2fe55cf8bc750e08bce5ce0ca07483ebac856f"
"tests/host/test_ow_product_ia_v2.py","tests/host/test_ow_product_ia_v2.py","SOURCE_OK","INCLUDE_UNCHANGED","Canonical source/test/config file required for development or verification.","6bb0fb30129e16ef30c8908f997cc77c362619108dc55b953dd9670a31576d01","6bb0fb30129e16ef30c8908f997cc77c362619108dc55b953dd9670a31576d01"
"tests/host/test_ow_public_runtime_url_w2e_v1.py","tests/host/test_ow_public_runtime_url_w2e_v1.py","SOURCE_OK","INCLUDE_UNCHANGED","Canonical source/test/config file required for development or verification.","ff0fd7016180d59efe7e41852a3e0aefd48d88e129066d7e2b53c75cb130e93d","ff0fd7016180d59efe7e41852a3e0aefd48d88e129066d7e2b53c75cb130e93d"
"tests/host/test_ow_responsive_i18n_zh_v1.py","tests/host/test_ow_responsive_i18n_zh_v1.py","SOURCE_OK","INCLUDE_UNCHANGED","Canonical source/test/config file required for development or verification.","ebc72225442368b70b4c40854fd827287f72a259ca7fcfa45b6aa510bdc06a91","ebc72225442368b70b4c40854fd827287f72a259ca7fcfa45b6aa510bdc06a91"
"tests/host/test_ow_state_light_theme_v1.py","tests/host/test_ow_state_light_theme_v1.py","SOURCE_OK","INCLUDE_UNCHANGED","Canonical source/test/config file required for development or verification.","ab857741f54797042060c4cce2c93749642609adce3ce1f6377ac1b3479228d3","ab857741f54797042060c4cce2c93749642609adce3ce1f6377ac1b3479228d3"
"tests/host/test_ow_state_responsive_scale_v1.py","tests/host/test_ow_state_responsive_scale_v1.py","SOURCE_OK","INCLUDE_UNCHANGED","Canonical source/test/config file required for development or verification.","abfdfd30bad3eed166e94944bf80a3764792171fa4e28593d4686d73d1156660","abfdfd30bad3eed166e94944bf80a3764792171fa4e28593d4686d73d1156660"
"tests/host/test_ow_state_visual_polish_v1.py","tests/host/test_ow_state_visual_polish_v1.py","SOURCE_OK","INCLUDE_UNCHANGED","Canonical source/test/config file required for development or verification.","64bc3baa43b7ec819e47fa22a50836347391aa6c16f240e442f1eb2518de9848","64bc3baa43b7ec819e47fa22a50836347391aa6c16f240e442f1eb2518de9848"
"tests/host/test_ow_transient_trace_journal_v1.py","tests/host/test_ow_transient_trace_journal_v1.py","SOURCE_OK","INCLUDE_UNCHANGED","Canonical source/test/config file required for development or verification.","46f88f16ee7e4297507669c3e91333a7e05df404e2188c949c2aa7f87a3667a3","46f88f16ee7e4297507669c3e91333a7e05df404e2188c949c2aa7f87a3667a3"
"tests/host/test_runtime_binding.py","tests/host/test_runtime_binding.py","SOURCE_OK","INCLUDE_UNCHANGED","Canonical source/test/config file required for development or verification.","4410361d4768e9c4f229687f78e3798099afccfc6667f0c02dba8f8715d546a7","4410361d4768e9c4f229687f78e3798099afccfc6667f0c02dba8f8715d546a7"
"tests/host/test_semantic_activation.py","tests/host/test_semantic_activation.py","SOURCE_OK","INCLUDE_UNCHANGED","Canonical source/test/config file required for development or verification.","169f41d5ffbbb95b92e55564754715399a7c22f4d7dd979ca75d93039d30c374","169f41d5ffbbb95b92e55564754715399a7c22f4d7dd979ca75d93039d30c374"
"tests/host/test_xiyue_adapter.py","tests/host/test_xiyue_adapter.py","SOURCE_OK","INCLUDE_UNCHANGED","Canonical source/test/config file required for development or verification.","597b7a87942ce7c908fb746a25cc65fab0a8e0e7ada010f96772c71fcf15d7e3","597b7a87942ce7c908fb746a25cc65fab0a8e0e7ada010f96772c71fcf15d7e3"
"tests/host/test_xiyue_runtime_bundle_v1.py","tests/host/test_xiyue_runtime_bundle_v1.py","SOURCE_OK","INCLUDE_UNCHANGED","Canonical source/test/config file required for development or verification.","79a192d47c3dab84835baefb55cb4260e044182843536affc80c413f7babab34","79a192d47c3dab84835baefb55cb4260e044182843536affc80c413f7babab34"
"tests/intents/__init__.py","tests/intents/__init__.py","SOURCE_OK","INCLUDE_UNCHANGED","Canonical source/test/config file required for development or verification.","6674cf0c98ea71b7af9e08355af18ef136198275de62857dda18d365a28169cc","6674cf0c98ea71b7af9e08355af18ef136198275de62857dda18d365a28169cc"
"tests/intents/test_engine.py","tests/intents/test_engine.py","SOURCE_OK","INCLUDE_UNCHANGED","Canonical source/test/config file required for development or verification.","062d7c802afc404a944bc4527683f192e10923948c8ed68e43248c952a822698","062d7c802afc404a944bc4527683f192e10923948c8ed68e43248c952a822698"
"tests/intents/test_lifecycle.py","tests/intents/test_lifecycle.py","SOURCE_OK","INCLUDE_UNCHANGED","Canonical source/test/config file required for development or verification.","774aac5d2a4acb7da25069e732261d6c6fa0366309e926481ecd3270c388a123","774aac5d2a4acb7da25069e732261d6c6fa0366309e926481ecd3270c388a123"
"tests/intents/test_persistence.py","tests/intents/test_persistence.py","SOURCE_OK","INCLUDE_UNCHANGED","Canonical source/test/config file required for development or verification.","50f241682cbe7e921bcfec8ec1167652b64c10d9bb7a50cebf13b94e1451e9dd","50f241682cbe7e921bcfec8ec1167652b64c10d9bb7a50cebf13b94e1451e9dd"
"tests/intents/test_policy.py","tests/intents/test_policy.py","SOURCE_OK","INCLUDE_UNCHANGED","Canonical source/test/config file required for development or verification.","56931ddfc62cacb3b4973208f17580ceed8fcaac6be2685e988c93dd246b0faf","56931ddfc62cacb3b4973208f17580ceed8fcaac6be2685e988c93dd246b0faf"
"tests/intents/test_scheduler.py","tests/intents/test_scheduler.py","SOURCE_OK","INCLUDE_UNCHANGED","Canonical source/test/config file required for development or verification.","c14228252aad988a7de6b3678aaad92fbeea54bf25aa871f52a489f93427e00a","c14228252aad988a7de6b3678aaad92fbeea54bf25aa871f52a489f93427e00a"
"tests/lab/__init__.py","tests/lab/__init__.py","SOURCE_OK","INCLUDE_UNCHANGED","Canonical source/test/config file required for development or verification.","e3b0c44298fc1c149afbf4c8996fb92427ae41e4649b934ca495991b7852b855","e3b0c44298fc1c149afbf4c8996fb92427ae41e4649b934ca495991b7852b855"
"tests/lce_binding/__init__.py","tests/lce_binding/__init__.py","SOURCE_OK","INCLUDE_UNCHANGED","Canonical source/test/config file required for development or verification.","dcf230409cf191bcac1ac3afec25052b8daa512451e6e18dae0dbd62e05ef7cf","dcf230409cf191bcac1ac3afec25052b8daa512451e6e18dae0dbd62e05ef7cf"
"tests/lce_binding/test_binding.py","tests/lce_binding/test_binding.py","SOURCE_OK","INCLUDE_UNCHANGED","Canonical source/test/config file required for development or verification.","4f018feeb88a6ada15081649e8b8128460e7b1778f60eb1d0e387c9e0548aa2d","4f018feeb88a6ada15081649e8b8128460e7b1778f60eb1d0e387c9e0548aa2d"
"tests/lce_binding/test_optional.py","tests/lce_binding/test_optional.py","SOURCE_OK","INCLUDE_UNCHANGED","Canonical source/test/config file required for development or verification.","bd8fbd849e9aaf8c43621974aa50c9d1fe15db00c735a11ece4eedaf08a22269","bd8fbd849e9aaf8c43621974aa50c9d1fe15db00c735a11ece4eedaf08a22269"
"tests/memory/__init__.py","tests/memory/__init__.py","SOURCE_OK","INCLUDE_UNCHANGED","Canonical source/test/config file required for development or verification.","e3b0c44298fc1c149afbf4c8996fb92427ae41e4649b934ca495991b7852b855","e3b0c44298fc1c149afbf4c8996fb92427ae41e4649b934ca495991b7852b855"
"tests/memory/test_admission.py","tests/memory/test_admission.py","SOURCE_OK","INCLUDE_UNCHANGED","Canonical source/test/config file required for development or verification.","6959af86d33b40870dc5725c51be5b3268f6057558e9f4d9a53632b7a78589e6","6959af86d33b40870dc5725c51be5b3268f6057558e9f4d9a53632b7a78589e6"
"tests/memory/test_authority.py","tests/memory/test_authority.py","SOURCE_OK","INCLUDE_UNCHANGED","Canonical source/test/config file required for development or verification.","cf8433c9387c60cc962aa124e4af8c09ceda5f976e8ebff8b090f5c6f4bcb505","cf8433c9387c60cc962aa124e4af8c09ceda5f976e8ebff8b090f5c6f4bcb505"
"tests/memory/test_composition.py","tests/memory/test_composition.py","SOURCE_OK","INCLUDE_UNCHANGED","Canonical source/test/config file required for development or verification.","feca7f6a459fb031547d2db9f4760d99a3ef6141431754ab7e1615aee93f08f4","feca7f6a459fb031547d2db9f4760d99a3ef6141431754ab7e1615aee93f08f4"
"tests/memory/test_contracts.py","tests/memory/test_contracts.py","SOURCE_OK","INCLUDE_UNCHANGED","Canonical source/test/config file required for development or verification.","6cd08ef48158d79e268edd5464c110557125b2e7484b4b4d4ca5559808965c43","6cd08ef48158d79e268edd5464c110557125b2e7484b4b4d4ca5559808965c43"
"tests/memory/test_projection.py","tests/memory/test_projection.py","SOURCE_OK","INCLUDE_UNCHANGED","Canonical source/test/config file required for development or verification.","da731377d5bb7c0935756a848c730e5dca9ac901b0b23ce1a907ad94c5bbcc7b","da731377d5bb7c0935756a848c730e5dca9ac901b0b23ce1a907ad94c5bbcc7b"
"tests/memory/test_store.py","tests/memory/test_store.py","SOURCE_OK","INCLUDE_UNCHANGED","Canonical source/test/config file required for development or verification.","ba0ca1a7fa3e3b6da02a396a39898186cfe52dda9793be22ea2fcad036c1efbe","ba0ca1a7fa3e3b6da02a396a39898186cfe52dda9793be22ea2fcad036c1efbe"
"tests/memory_retrieval/__init__.py","tests/memory_retrieval/__init__.py","SOURCE_OK","INCLUDE_UNCHANGED","Canonical source/test/config file required for development or verification.","e3b0c44298fc1c149afbf4c8996fb92427ae41e4649b934ca495991b7852b855","e3b0c44298fc1c149afbf4c8996fb92427ae41e4649b934ca495991b7852b855"
"tests/memory_retrieval/test_composition.py","tests/memory_retrieval/test_composition.py","SOURCE_OK","INCLUDE_UNCHANGED","Canonical source/test/config file required for development or verification.","2ec7d9000476f7a080d263e0ec16bf497fc83cecc19be8447a82a5602f628368","2ec7d9000476f7a080d263e0ec16bf497fc83cecc19be8447a82a5602f628368"
"tests/memory_retrieval/test_history.py","tests/memory_retrieval/test_history.py","SOURCE_OK","INCLUDE_UNCHANGED","Canonical source/test/config file required for development or verification.","153491096e045606835bf208cb7fe5925ea063eece28989cc7fd62cad0aed6a1","153491096e045606835bf208cb7fe5925ea063eece28989cc7fd62cad0aed6a1"
"tests/memory_retrieval/test_retrieval.py","tests/memory_retrieval/test_retrieval.py","SOURCE_OK","INCLUDE_UNCHANGED","Canonical source/test/config file required for development or verification.","d888a48857a6cbc1e63f1976006cf22b37a586ef9465207df2e32454bbfacff2","d888a48857a6cbc1e63f1976006cf22b37a586ef9465207df2e32454bbfacff2"
"tests/memory_vector/__init__.py","tests/memory_vector/__init__.py","SOURCE_OK","INCLUDE_UNCHANGED","Canonical source/test/config file required for development or verification.","e3b0c44298fc1c149afbf4c8996fb92427ae41e4649b934ca495991b7852b855","e3b0c44298fc1c149afbf4c8996fb92427ae41e4649b934ca495991b7852b855"
"tests/memory_vector/test_contracts.py","tests/memory_vector/test_contracts.py","SOURCE_OK","INCLUDE_UNCHANGED","Canonical source/test/config file required for development or verification.","92056de8d8277ca3c05a0b42e09fee9446f581a21f03d8661d8ce3074c49020e","92056de8d8277ca3c05a0b42e09fee9446f581a21f03d8661d8ce3074c49020e"
"tests/memory_vector/test_embedding.py","tests/memory_vector/test_embedding.py","SOURCE_OK","INCLUDE_UNCHANGED","Canonical source/test/config file required for development or verification.","fc9a5c51a78511c49c8fbff8ba830414d75341139651410bf1ed8c281969a446","fc9a5c51a78511c49c8fbff8ba830414d75341139651410bf1ed8c281969a446"
"tests/memory_vector/test_isolation_optional.py","tests/memory_vector/test_isolation_optional.py","SOURCE_OK","INCLUDE_UNCHANGED","Canonical source/test/config file required for development or verification.","bf57b76b534f1d3b816049053a6308b6cc1cf4b1508dcb01910585b3343380cf","bf57b76b534f1d3b816049053a6308b6cc1cf4b1508dcb01910585b3343380cf"
"tests/memory_vector/test_qdrant.py","tests/memory_vector/test_qdrant.py","SOURCE_OK","INCLUDE_UNCHANGED","Canonical source/test/config file required for development or verification.","bb2d351f607a764e3e35f43be148837d68fb46bfd640a75886f09be3b4b4c258","bb2d351f607a764e3e35f43be148837d68fb46bfd640a75886f09be3b4b4c258"
"tests/memory_vector/test_real_semantic.py","tests/memory_vector/test_real_semantic.py","SOURCE_OK","INCLUDE_UNCHANGED","Canonical source/test/config file required for development or verification.","7dd3a58e20070613ba427aaa6a6711abcc47dc2244de6c85ce5f6f710d8b3803","7dd3a58e20070613ba427aaa6a6711abcc47dc2244de6c85ce5f6f710d8b3803"
"tests/mr_alpha/README.md","tests/mr_alpha/README.md","SOURCE_OK","INCLUDE_UNCHANGED","Canonical source/test/config file required for development or verification.","0ee6f5a4f7f52a615692904383a8113fc59a16f1a693ebc9d51e08af7a61b382","0ee6f5a4f7f52a615692904383a8113fc59a16f1a693ebc9d51e08af7a61b382"
"tests/mr_alpha/__init__.py","tests/mr_alpha/__init__.py","SOURCE_OK","INCLUDE_UNCHANGED","Canonical source/test/config file required for development or verification.","e3b0c44298fc1c149afbf4c8996fb92427ae41e4649b934ca495991b7852b855","e3b0c44298fc1c149afbf4c8996fb92427ae41e4649b934ca495991b7852b855"
"tests/mr_alpha/ablations.py","tests/mr_alpha/ablations.py","SOURCE_OK","INCLUDE_UNCHANGED","Canonical source/test/config file required for development or verification.","8f88a1594a2e4115044f4f5695ccfe233652c973f3bb59600190d8c25fbf9688","8f88a1594a2e4115044f4f5695ccfe233652c973f3bb59600190d8c25fbf9688"
"tests/mr_alpha/adapters/__init__.py","tests/mr_alpha/adapters/__init__.py","SOURCE_OK","INCLUDE_UNCHANGED","Canonical source/test/config file required for development or verification.","3bb7b3bccc424bc5189a084ab4beedc6117874d4951d2de8d0f58c08e4a02ad4","3bb7b3bccc424bc5189a084ab4beedc6117874d4951d2de8d0f58c08e4a02ad4"
"tests/mr_alpha/adapters/synthetic_intent_adapter.py","tests/mr_alpha/adapters/synthetic_intent_adapter.py","SOURCE_OK","INCLUDE_UNCHANGED","Canonical source/test/config file required for development or verification.","9296fab4ea984a6d2ebfd4f3e09ccd074f96a28e2b02389d04465414cf301401","9296fab4ea984a6d2ebfd4f3e09ccd074f96a28e2b02389d04465414cf301401"
"tests/mr_alpha/adapters/synthetic_slow_adapter.py","tests/mr_alpha/adapters/synthetic_slow_adapter.py","SOURCE_OK","INCLUDE_UNCHANGED","Canonical source/test/config file required for development or verification.","885b23cd69a82d433848ea66d75d8c9717a521e463d47b98e33a9c24a3df7af1","885b23cd69a82d433848ea66d75d8c9717a521e463d47b98e33a9c24a3df7af1"
"tests/mr_alpha/causal_trace.py","tests/mr_alpha/causal_trace.py","SOURCE_OK","INCLUDE_UNCHANGED","Canonical source/test/config file required for development or verification.","5efc2c115ef146373fba0d00fe69cd4e2189875f2297c4058f8cf295e82ddd27","5efc2c115ef146373fba0d00fe69cd4e2189875f2297c4058f8cf295e82ddd27"
"tests/mr_alpha/conftest.py","tests/mr_alpha/conftest.py","SOURCE_OK","INCLUDE_UNCHANGED","Canonical source/test/config file required for development or verification.","877bce30078c089d9b0fad503ab5778adfff6bd01f5d7f1cd3f51e47fd7e66cf","877bce30078c089d9b0fad503ab5778adfff6bd01f5d7f1cd3f51e47fd7e66cf"
"tests/mr_alpha/fixtures/__init__.py","tests/mr_alpha/fixtures/__init__.py","SOURCE_OK","INCLUDE_UNCHANGED","Canonical source/test/config file required for development or verification.","e101c2d9ed67438b51e62a2d42c55c97975e4f102e3667e9d549657899de624f","e101c2d9ed67438b51e62a2d42c55c97975e4f102e3667e9d549657899de624f"
"tests/mr_alpha/fixtures/conflict_boundary.py","tests/mr_alpha/fixtures/conflict_boundary.py","SOURCE_OK","INCLUDE_UNCHANGED","Canonical source/test/config file required for development or verification.","01e0380a701cded39caec59260b5ae7c951f40f01dc1ce7eeb7aec22565307b1","01e0380a701cded39caec59260b5ae7c951f40f01dc1ce7eeb7aec22565307b1"
"tests/mr_alpha/fixtures/control_neutral.py","tests/mr_alpha/fixtures/control_neutral.py","SOURCE_OK","INCLUDE_UNCHANGED","Canonical source/test/config file required for development or verification.","1b5d5491363882c9df0c799bcd079cc1baa3f18524a2a36f6b43517728612365","1b5d5491363882c9df0c799bcd079cc1baa3f18524a2a36f6b43517728612365"
"tests/mr_alpha/fixtures/trajectory_common.py","tests/mr_alpha/fixtures/trajectory_common.py","SOURCE_OK","INCLUDE_UNCHANGED","Canonical source/test/config file required for development or verification.","7df2d320f23b9eed27eeaca8edc56758f687b915284e131deff336a1a805e8c5","7df2d320f23b9eed27eeaca8edc56758f687b915284e131deff336a1a805e8c5"
"tests/mr_alpha/fixtures/trust_support.py","tests/mr_alpha/fixtures/trust_support.py","SOURCE_OK","INCLUDE_UNCHANGED","Canonical source/test/config file required for development or verification.","238dd857759abd4c81253bd62c149feeae55038a1dcbbfc974ceb1fbedf3092b","238dd857759abd4c81253bd62c149feeae55038a1dcbbfc974ceb1fbedf3092b"
"tests/mr_alpha/harness_defs.py","tests/mr_alpha/harness_defs.py","SOURCE_OK","INCLUDE_UNCHANGED","Canonical source/test/config file required for development or verification.","9e65df91546e2a52726c78b45bd87205d22bb0828abe2e7af0a197accf8200e9","9e65df91546e2a52726c78b45bd87205d22bb0828abe2e7af0a197accf8200e9"
"tests/mr_alpha/orchestrator.py","tests/mr_alpha/orchestrator.py","SOURCE_OK","INCLUDE_UNCHANGED","Canonical source/test/config file required for development or verification.","0ab669bbed9ee77048d5b2aed50d03ee1630f8a79a5f2e7dfe639912fb1bf709","0ab669bbed9ee77048d5b2aed50d03ee1630f8a79a5f2e7dfe639912fb1bf709"
"tests/mr_alpha/persistence_harness.py","tests/mr_alpha/persistence_harness.py","SOURCE_OK","INCLUDE_UNCHANGED","Canonical source/test/config file required for development or verification.","8d468dc4576f1950d54b94bc9d80b2f799ae5d4425ad574c25d8713bf698e973","8d468dc4576f1950d54b94bc9d80b2f799ae5d4425ad574c25d8713bf698e973"
"tests/mr_alpha/probes.py","tests/mr_alpha/probes.py","SOURCE_OK","INCLUDE_UNCHANGED","Canonical source/test/config file required for development or verification.","b99eb642058b3e7d0ed5cc7702c03cf364f071343e5a4f2ee361bae0c3b2a525","b99eb642058b3e7d0ed5cc7702c03cf364f071343e5a4f2ee361bae0c3b2a525"
"tests/mr_alpha/protocol.py","tests/mr_alpha/protocol.py","SOURCE_OK","INCLUDE_UNCHANGED","Canonical source/test/config file required for development or verification.","bdde388ed4f9e23ba6eecca044849474dca8ca0b03f75a2c42577583348c86f8","bdde388ed4f9e23ba6eecca044849474dca8ca0b03f75a2c42577583348c86f8"
"tests/mr_alpha/report.py","tests/mr_alpha/report.py","SOURCE_OK","INCLUDE_UNCHANGED","Canonical source/test/config file required for development or verification.","45519ea6656d27df8925a10dc40def51e093e7f4eb6c89374f5291e564db94c0","45519ea6656d27df8925a10dc40def51e093e7f4eb6c89374f5291e564db94c0"
"tests/mr_alpha/runner.py","tests/mr_alpha/runner.py","SOURCE_OK","INCLUDE_UNCHANGED","Canonical source/test/config file required for development or verification.","a96b58c7180208b61cc9a2e92c97cfc1e3466c978cf95735c9b130098027236b","a96b58c7180208b61cc9a2e92c97cfc1e3466c978cf95735c9b130098027236b"
"tests/mr_alpha/scorer.py","tests/mr_alpha/scorer.py","SOURCE_OK","INCLUDE_UNCHANGED","Canonical source/test/config file required for development or verification.","57cbc8eb224dd1715ff5ecb9a23f6ea90708f22ba7578c63f66b381c763dba83","57cbc8eb224dd1715ff5ecb9a23f6ea90708f22ba7578c63f66b381c763dba83"
"tests/mr_alpha/test_alpha_harness.py","tests/mr_alpha/test_alpha_harness.py","SOURCE_OK","INCLUDE_UNCHANGED","Canonical source/test/config file required for development or verification.","57fc339c0b6b097e7a48ea3fcf7ac8b9f4c34b978ed97f45fbba1df9ee7b9702","57fc339c0b6b097e7a48ea3fcf7ac8b9f4c34b978ed97f45fbba1df9ee7b9702"
"tests/mr_assembly_b/test_b2_slow_write_smoke.py","tests/mr_assembly_b/test_b2_slow_write_smoke.py","SOURCE_OK","INCLUDE_UNCHANGED","Canonical source/test/config file required for development or verification.","d8ddb531dfda76bacf8e491e1957e14a183c9c1b6048044c6157948cc2fd324e","d8ddb531dfda76bacf8e491e1957e14a183c9c1b6048044c6157948cc2fd324e"
"tests/mr_assembly_b/test_c10_bw_r_final_patch.py","tests/mr_assembly_b/test_c10_bw_r_final_patch.py","SOURCE_OK","INCLUDE_UNCHANGED","Canonical source/test/config file required for development or verification.","55159a42da4ffacbb6d825491b56737d4db4e4a1ef375b0821aee437682c8953","55159a42da4ffacbb6d825491b56737d4db4e4a1ef375b0821aee437682c8953"
"tests/mr_assembly_b/test_c10_bw_slow_writer.py","tests/mr_assembly_b/test_c10_bw_slow_writer.py","SOURCE_OK","INCLUDE_UNCHANGED","Canonical source/test/config file required for development or verification.","b21086c984677ffe6cd043d42075ee4a3786a02ef822746941293aa94696dff5","b21086c984677ffe6cd043d42075ee4a3786a02ef822746941293aa94696dff5"
"tests/observability/__init__.py","tests/observability/__init__.py","SOURCE_OK","INCLUDE_UNCHANGED","Canonical source/test/config file required for development or verification.","2a01339eedb451a34684cef7c595b570787761b0a2a728ad95554643210a1cc8","2a01339eedb451a34684cef7c595b570787761b0a2a728ad95554643210a1cc8"
"tests/observability/test_cognition_blackbox_removal.py","tests/observability/test_cognition_blackbox_removal.py","SOURCE_OK","INCLUDE_UNCHANGED","Canonical source/test/config file required for development or verification.","ca107838377e6f284c3c9f0b55b97e889776d5afeee89d2b3b9a520c58e960d1","ca107838377e6f284c3c9f0b55b97e889776d5afeee89d2b3b9a520c58e960d1"
"tests/pipeline/__init__.py","tests/pipeline/__init__.py","SOURCE_OK","INCLUDE_UNCHANGED","Canonical source/test/config file required for development or verification.","8556d35bc083365f1f080461a7614ffe2d4c2e47a08e48ab89248372b3ab14db","8556d35bc083365f1f080461a7614ffe2d4c2e47a08e48ab89248372b3ab14db"
"tests/pipeline/d11s_pipeline.py","tests/pipeline/d11s_pipeline.py","SOURCE_OK","INCLUDE_UNCHANGED","Canonical source/test/config file required for development or verification.","a514634081aaea323471991ec490366602eb2fa758a80bc1e5f697a70f56439a","a514634081aaea323471991ec490366602eb2fa758a80bc1e5f697a70f56439a"
"tests/pipeline/golden_pipeline.py","tests/pipeline/golden_pipeline.py","SOURCE_OK","INCLUDE_UNCHANGED","Canonical source/test/config file required for development or verification.","20e0347391132a798efd13e0bba8ce1da598126e318e1d48cff9d8e27e595906","20e0347391132a798efd13e0bba8ce1da598126e318e1d48cff9d8e27e595906"
"tests/pipeline/test_atomic_cognitive_admission.py","tests/pipeline/test_atomic_cognitive_admission.py","SOURCE_OK","INCLUDE_UNCHANGED","Canonical source/test/config file required for development or verification.","7e603de58f4ba7a9b850d76e96e0acccbb2ab44b1ad67fc28e2358ae9233e10e","7e603de58f4ba7a9b850d76e96e0acccbb2ab44b1ad67fc28e2358ae9233e10e"
"tests/pipeline/test_c9_w1b_pending_overlay.py","tests/pipeline/test_c9_w1b_pending_overlay.py","SOURCE_OK","INCLUDE_UNCHANGED","Canonical source/test/config file required for development or verification.","7b4559117be8f6e8ff56f12724f6f4e21d2a4e3d431ca3df98ab16799dc9bfc0","7b4559117be8f6e8ff56f12724f6f4e21d2a4e3d431ca3df98ab16799dc9bfc0"
"tests/pipeline/test_c9_w1b_r2_wiring_reconciliation.py","tests/pipeline/test_c9_w1b_r2_wiring_reconciliation.py","SOURCE_OK","INCLUDE_UNCHANGED","Canonical source/test/config file required for development or verification.","2aba8212aefd777f788e76d7ff00d7fc9e3d9c3129bbfdedec6ee616ff7ca007","2aba8212aefd777f788e76d7ff00d7fc9e3d9c3129bbfdedec6ee616ff7ca007"
"tests/pipeline/test_checkpoints.py","tests/pipeline/test_checkpoints.py","SOURCE_OK","INCLUDE_UNCHANGED","Canonical source/test/config file required for development or verification.","c19177fd28221a80949248eebd72ab82f6ac500a25f554bd53ac70045fffd11b","c19177fd28221a80949248eebd72ab82f6ac500a25f554bd53ac70045fffd11b"
"tests/pipeline/test_compressed_transition.py","tests/pipeline/test_compressed_transition.py","SOURCE_OK","INCLUDE_UNCHANGED","Canonical source/test/config file required for development or verification.","04f2c543f29db3d18d136c170136f42c743428b8354fd61455b559b5e892a734","04f2c543f29db3d18d136c170136f42c743428b8354fd61455b559b5e892a734"
"tests/pipeline/test_d10_expression_wiring.py","tests/pipeline/test_d10_expression_wiring.py","SOURCE_OK","INCLUDE_UNCHANGED","Canonical source/test/config file required for development or verification.","d403590ce3fe5e102e2de3a97709fc3b4d704e8451dc1344dc4d8750a76fa2ec","d403590ce3fe5e102e2de3a97709fc3b4d704e8451dc1344dc4d8750a76fa2ec"
"tests/pipeline/test_d11l_shadow_flag.py","tests/pipeline/test_d11l_shadow_flag.py","SOURCE_OK","INCLUDE_UNCHANGED","Canonical source/test/config file required for development or verification.","e7c8d5cecd36c9c3f486d79c49081638dd2aa2d22800f3c5c5a32a823b966624","e7c8d5cecd36c9c3f486d79c49081638dd2aa2d22800f3c5c5a32a823b966624"
"tests/pipeline/test_d8_transition_wiring.py","tests/pipeline/test_d8_transition_wiring.py","SOURCE_OK","INCLUDE_UNCHANGED","Canonical source/test/config file required for development or verification.","9bfa75b5f0161748fd9dc720e37c8d3bbc5b7960b0eab5bfaa4591d39a3ca475","9bfa75b5f0161748fd9dc720e37c8d3bbc5b7960b0eab5bfaa4591d39a3ca475"
"tests/pipeline/test_d9_intent_policy_wiring.py","tests/pipeline/test_d9_intent_policy_wiring.py","SOURCE_OK","INCLUDE_UNCHANGED","Canonical source/test/config file required for development or verification.","6e41742c3fbf355ecc70f29fdd5f4f37e417efc519f8cded66d47c2d3459af41","6e41742c3fbf355ecc70f29fdd5f4f37e417efc519f8cded66d47c2d3459af41"
"tests/pipeline/test_fact_admission_turn.py","tests/pipeline/test_fact_admission_turn.py","SOURCE_OK","INCLUDE_UNCHANGED","Canonical source/test/config file required for development or verification.","89fbcdaaffec6cb7253288dbd4d7ed43a98f4b4329dd9720c591f1a682a009dd","89fbcdaaffec6cb7253288dbd4d7ed43a98f4b4329dd9720c591f1a682a009dd"
"tests/pipeline/test_fact_ingest_integration.py","tests/pipeline/test_fact_ingest_integration.py","SOURCE_OK","INCLUDE_UNCHANGED","Canonical source/test/config file required for development or verification.","6cc7963b742f1b8b99e47a42b6927ae742045dea259de8d7a8ffc2f85fa2a4ca","6cc7963b742f1b8b99e47a42b6927ae742045dea259de8d7a8ffc2f85fa2a4ca"
"tests/pipeline/test_fact_ingest_restart.py","tests/pipeline/test_fact_ingest_restart.py","SOURCE_OK","INCLUDE_UNCHANGED","Canonical source/test/config file required for development or verification.","56103b7d6fe8bd1961411af53fadc3e148e039bc8cac109f4faba2271e6a1af4","56103b7d6fe8bd1961411af53fadc3e148e039bc8cac109f4faba2271e6a1af4"
"tests/pipeline/test_fake_agent.py","tests/pipeline/test_fake_agent.py","SOURCE_OK","INCLUDE_UNCHANGED","Canonical source/test/config file required for development or verification.","24653882733a6d11c497541a8741845e9146cd11b3f68a182873007551fb70b9","24653882733a6d11c497541a8741845e9146cd11b3f68a182873007551fb70b9"
"tests/pipeline/test_history_provenance_wiring.py","tests/pipeline/test_history_provenance_wiring.py","SOURCE_OK","INCLUDE_UNCHANGED","Canonical source/test/config file required for development or verification.","84251360cd31ceef285b7682ae965a32981b5ba079548154a147d7dfa2f714fb","84251360cd31ceef285b7682ae965a32981b5ba079548154a147d7dfa2f714fb"
"tests/pipeline/test_ingest_commit.py","tests/pipeline/test_ingest_commit.py","SOURCE_OK","INCLUDE_UNCHANGED","Canonical source/test/config file required for development or verification.","642e5e89bb1b3c0b9606b2eef1467e4c5035623348af39609dd92b725578e84e","642e5e89bb1b3c0b9606b2eef1467e4c5035623348af39609dd92b725578e84e"
"tests/pipeline/test_lifecycle.py","tests/pipeline/test_lifecycle.py","SOURCE_OK","INCLUDE_UNCHANGED","Canonical source/test/config file required for development or verification.","051955097568f3a11b07a3d3368af3491720a57e493f40e04062c7e8063f8196","051955097568f3a11b07a3d3368af3491720a57e493f40e04062c7e8063f8196"
"tests/pipeline/test_no_self_authorizing_feedback.py","tests/pipeline/test_no_self_authorizing_feedback.py","SOURCE_OK","INCLUDE_UNCHANGED","Canonical source/test/config file required for development or verification.","cdd4891753ba44bc604219c703cca21afcefbbe817a14a6455bfe64711e32a23","cdd4891753ba44bc604219c703cca21afcefbbe817a14a6455bfe64711e32a23"
"tests/pipeline/test_orchestrator.py","tests/pipeline/test_orchestrator.py","SOURCE_OK","INCLUDE_UNCHANGED","Canonical source/test/config file required for development or verification.","9ef3435b7485e78c5c6db4ce83113b775c15a3991508f6d4797a5222b7fbaa70","9ef3435b7485e78c5c6db4ce83113b775c15a3991508f6d4797a5222b7fbaa70"
"tests/pipeline/test_overlay.py","tests/pipeline/test_overlay.py","SOURCE_OK","INCLUDE_UNCHANGED","Canonical source/test/config file required for development or verification.","60c884f4e2d054588379bffd165eadac9220f15b3196bc2c0f3101f2f38a1e6b","60c884f4e2d054588379bffd165eadac9220f15b3196bc2c0f3101f2f38a1e6b"
"tests/pipeline/test_projection.py","tests/pipeline/test_projection.py","SOURCE_OK","INCLUDE_UNCHANGED","Canonical source/test/config file required for development or verification.","0a8fd794e2791cee5d20ae750fa1f3cc11025b66f488295f9a080c4b5de77139","0a8fd794e2791cee5d20ae750fa1f3cc11025b66f488295f9a080c4b5de77139"
"tests/pipeline/test_receipts.py","tests/pipeline/test_receipts.py","SOURCE_OK","INCLUDE_UNCHANGED","Canonical source/test/config file required for development or verification.","6119b0d7688e455a2d1161447c5c79305d4a5d5d6634f126ae9c05e768d4aa69","6119b0d7688e455a2d1161447c5c79305d4a5d5d6634f126ae9c05e768d4aa69"
"tests/pipeline/test_replay.py","tests/pipeline/test_replay.py","SOURCE_OK","INCLUDE_UNCHANGED","Canonical source/test/config file required for development or verification.","491033fa34f382f81033495aa24a03ffea506a26246b53a95eb683de6308d84c","491033fa34f382f81033495aa24a03ffea506a26246b53a95eb683de6308d84c"
"tests/pipeline/test_smoke_abort.py","tests/pipeline/test_smoke_abort.py","SOURCE_OK","INCLUDE_UNCHANGED","Canonical source/test/config file required for development or verification.","43610b1eed07427f75352cf2912cd60160677ebba94d43ff8a96f3af5eba85ef","43610b1eed07427f75352cf2912cd60160677ebba94d43ff8a96f3af5eba85ef"
"tests/pipeline/test_smoke_commit.py","tests/pipeline/test_smoke_commit.py","SOURCE_OK","INCLUDE_UNCHANGED","Canonical source/test/config file required for development or verification.","587488ef2ed437e597d08416abca2b6a79558205d50ab9132d1eb80b49986c72","587488ef2ed437e597d08416abca2b6a79558205d50ab9132d1eb80b49986c72"
"tests/pipeline/test_state_backend.py","tests/pipeline/test_state_backend.py","SOURCE_OK","INCLUDE_UNCHANGED","Canonical source/test/config file required for development or verification.","0182be8960964aeac821e1aaf6a73e2498bea8135276e16569b1ad9ab9d82abb","0182be8960964aeac821e1aaf6a73e2498bea8135276e16569b1ad9ab9d82abb"
"tests/pipeline/test_stubs.py","tests/pipeline/test_stubs.py","SOURCE_OK","INCLUDE_UNCHANGED","Canonical source/test/config file required for development or verification.","f793fc79a27bf3729195d97a0856bfa99c5704b8f6b7bc9c35aaf2c6fd4ae510","f793fc79a27bf3729195d97a0856bfa99c5704b8f6b7bc9c35aaf2c6fd4ae510"
"tests/pipeline/test_trace_chain.py","tests/pipeline/test_trace_chain.py","SOURCE_OK","INCLUDE_UNCHANGED","Canonical source/test/config file required for development or verification.","92614dbc49678e90af579050c1c85835d4cbb7a54fcb9d9ad1657fce8671fedb","92614dbc49678e90af579050c1c85835d4cbb7a54fcb9d9ad1657fce8671fedb"
"tests/projection/test_c7c_coverage_gaps.py","tests/projection/test_c7c_coverage_gaps.py","SOURCE_OK","INCLUDE_UNCHANGED","Canonical source/test/config file required for development or verification.","9314317d1c9f6ec354cab00763a04b0be0af97f90e0d6da27f53ba7a1a5ffdd4","9314317d1c9f6ec354cab00763a04b0be0af97f90e0d6da27f53ba7a1a5ffdd4"
"tests/projection/test_c7c_settled_projection.py","tests/projection/test_c7c_settled_projection.py","SOURCE_OK","INCLUDE_UNCHANGED","Canonical source/test/config file required for development or verification.","d718b373c049f8fc7603de4db90db2e53949a48894fbe61e21ca5325d0f364d8","d718b373c049f8fc7603de4db90db2e53949a48894fbe61e21ca5325d0f364d8"
"tests/projection/test_c7cr3_frozen_replay.py","tests/projection/test_c7cr3_frozen_replay.py","SOURCE_OK","INCLUDE_UNCHANGED","Canonical source/test/config file required for development or verification.","61744de69ea14fe106e4bddc05d531ed88c49fd1f5a00cbd4858a26084d2e673","61744de69ea14fe106e4bddc05d531ed88c49fd1f5a00cbd4858a26084d2e673"
"tests/projection/test_c7cr_closure.py","tests/projection/test_c7cr_closure.py","SOURCE_OK","INCLUDE_UNCHANGED","Canonical source/test/config file required for development or verification.","b8ca2fc5a8c7fac254aaf9c97a380997a07040bc326f810777d9c966036085da","b8ca2fc5a8c7fac254aaf9c97a380997a07040bc326f810777d9c966036085da"
"tests/projection/test_c7cr_coverage_gaps.py","tests/projection/test_c7cr_coverage_gaps.py","SOURCE_OK","INCLUDE_UNCHANGED","Canonical source/test/config file required for development or verification.","44b1e5d9155ca8eecd4087c3d568597cb8c22f4e0ca63f6db2e0ac03d4b7e0ed","44b1e5d9155ca8eecd4087c3d568597cb8c22f4e0ca63f6db2e0ac03d4b7e0ed"
"tests/replication/__init__.py","tests/replication/__init__.py","SOURCE_OK","INCLUDE_UNCHANGED","Canonical source/test/config file required for development or verification.","0bfaac24b8620720e54f84aedd7142abbd0902d030d820f30369336f43bbd4ba","0bfaac24b8620720e54f84aedd7142abbd0902d030d820f30369336f43bbd4ba"
"tests/replication/test_harness.py","tests/replication/test_harness.py","SOURCE_OK","INCLUDE_UNCHANGED","Canonical source/test/config file required for development or verification.","6a4cda3109d82276aebdb4417a545caa499f5c0a57a459b95c305d1d8d1e0ecb","6a4cda3109d82276aebdb4417a545caa499f5c0a57a459b95c305d1d8d1e0ecb"
"tests/runtime_config/test_runtime_behavior_config.py","tests/runtime_config/test_runtime_behavior_config.py","SOURCE_OK","INCLUDE_UNCHANGED","Canonical source/test/config file required for development or verification.","a891fe14600e23dc1127f32c2e359fbf109f6ee19deca5755037bf3d23c65269","a891fe14600e23dc1127f32c2e359fbf109f6ee19deca5755037bf3d23c65269"
"tests/shadow/test_affect.py","tests/shadow/test_affect.py","SOURCE_OK","INCLUDE_UNCHANGED","Canonical source/test/config file required for development or verification.","8ca0b8a2143576a248c3b290de9ed0f37d791933165a848efeaf4b4d990ee94a","8ca0b8a2143576a248c3b290de9ed0f37d791933165a848efeaf4b4d990ee94a"
"tests/shadow/test_classifier.py","tests/shadow/test_classifier.py","SOURCE_OK","INCLUDE_UNCHANGED","Canonical source/test/config file required for development or verification.","af5c8a3d52852fd2c161a4914bc65a9a1ed02a1e5c6134fa9a00e99860d3b3cc","af5c8a3d52852fd2c161a4914bc65a9a1ed02a1e5c6134fa9a00e99860d3b3cc"
"tests/shadow/test_cli_entrypoints.py","tests/shadow/test_cli_entrypoints.py","SOURCE_OK","INCLUDE_UNCHANGED","Canonical source/test/config file required for development or verification.","72f3007dba3e688327b12eaf121eba4d5acc0dff4e2ba0471a73c77dbebace91","72f3007dba3e688327b12eaf121eba4d5acc0dff4e2ba0471a73c77dbebace91"
"tests/shadow/test_egress.py","tests/shadow/test_egress.py","SOURCE_OK","INCLUDE_UNCHANGED","Canonical source/test/config file required for development or verification.","06dad18c1e1e0d5502e0552dcea37f4872f84a149d7d3b7f5a54f3a0190c5614","06dad18c1e1e0d5502e0552dcea37f4872f84a149d7d3b7f5a54f3a0190c5614"
"tests/shadow/test_legacy_import.py","tests/shadow/test_legacy_import.py","SOURCE_OK","INCLUDE_UNCHANGED","Canonical source/test/config file required for development or verification.","3444014e42199f953ddeb9bce06f2b559607ae1583bcf5e3c3b9e44f97e39b9b","3444014e42199f953ddeb9bce06f2b559607ae1583bcf5e3c3b9e44f97e39b9b"
"tests/shadow/test_legacy_reader.py","tests/shadow/test_legacy_reader.py","SOURCE_OK","INCLUDE_UNCHANGED","Canonical source/test/config file required for development or verification.","cab34a5653c7710b28dd8129a9d2daea508d2c30804778cc66e3deeaf82e8587","cab34a5653c7710b28dd8129a9d2daea508d2c30804778cc66e3deeaf82e8587"
"tests/shadow/test_persona_production.py","tests/shadow/test_persona_production.py","SOURCE_OK","INCLUDE_UNCHANGED","Canonical source/test/config file required for development or verification.","3ff360657f9da36cbe86588fdb11f36686e12a212f66d43a31308a22d54a0bb2","3ff360657f9da36cbe86588fdb11f36686e12a212f66d43a31308a22d54a0bb2"
"tests/shadow/test_production_shadow_wiring.py","tests/shadow/test_production_shadow_wiring.py","SOURCE_OK","INCLUDE_UNCHANGED","Canonical source/test/config file required for development or verification.","fc4fb4b27331c01501fab49ffc1d22a5ed4e47dd5f8211b280f9db5fa9084a96","fc4fb4b27331c01501fab49ffc1d22a5ed4e47dd5f8211b280f9db5fa9084a96"
"tests/shadow/test_redaction.py","tests/shadow/test_redaction.py","SOURCE_OK","INCLUDE_UNCHANGED","Canonical source/test/config file required for development or verification.","7aef55792959d5e069227f31d7259f77ff45c3e870567de680d58c2436c1cb24","7aef55792959d5e069227f31d7259f77ff45c3e870567de680d58c2436c1cb24"
"tests/shadow/test_runtime_loop.py","tests/shadow/test_runtime_loop.py","SOURCE_OK","INCLUDE_UNCHANGED","Canonical source/test/config file required for development or verification.","c06c011239f19aa4c95ac291b234842cbdc3dc840e663d2316430ceda8f0ab00","c06c011239f19aa4c95ac291b234842cbdc3dc840e663d2316430ceda8f0ab00"
"tests/shadow/test_semantic_provider.py","tests/shadow/test_semantic_provider.py","SOURCE_OK","INCLUDE_UNCHANGED","Canonical source/test/config file required for development or verification.","d75876d73b6e4f8539641f3ff981870392c6f840737b08a3b399db6c4e618e44","d75876d73b6e4f8539641f3ff981870392c6f840737b08a3b399db6c4e618e44"
"tests/shadow/test_source_bridge.py","tests/shadow/test_source_bridge.py","SOURCE_OK","INCLUDE_UNCHANGED","Canonical source/test/config file required for development or verification.","402cdac653b8e35c58d05147a3b37c66780131a52b0193314b21da265789c27a","402cdac653b8e35c58d05147a3b37c66780131a52b0193314b21da265789c27a"
"tests/shadow/test_states.py","tests/shadow/test_states.py","SOURCE_OK","INCLUDE_UNCHANGED","Canonical source/test/config file required for development or verification.","65f57911a33631147c3fb40458df9d83cac20c00cdce6c140350d60dd3550044","65f57911a33631147c3fb40458df9d83cac20c00cdce6c140350d60dd3550044"
"tests/shadow/test_store_durability.py","tests/shadow/test_store_durability.py","SOURCE_OK","INCLUDE_UNCHANGED","Canonical source/test/config file required for development or verification.","bc6ca595c10cc1f6f62de3287ece6b292911b67b0cdc8afc287def0461d91560","bc6ca595c10cc1f6f62de3287ece6b292911b67b0cdc8afc287def0461d91560"
"tests/shadow/test_sync.py","tests/shadow/test_sync.py","SOURCE_OK","INCLUDE_UNCHANGED","Canonical source/test/config file required for development or verification.","29a1a828ed0a2de43d962e0c14313fc6af983bef5ca479e0d5f3bd6e184f7e8f","29a1a828ed0a2de43d962e0c14313fc6af983bef5ca479e0d5f3bd6e184f7e8f"
"tests/situation/__init__.py","tests/situation/__init__.py","SOURCE_OK","INCLUDE_UNCHANGED","Canonical source/test/config file required for development or verification.","8f91938397d1bcf0d3db0797a2b729e2bc41ca65d40322e987b7ab4087e6da16","8f91938397d1bcf0d3db0797a2b729e2bc41ca65d40322e987b7ab4087e6da16"
"tests/situation/test_aggregation.py","tests/situation/test_aggregation.py","SOURCE_OK","INCLUDE_UNCHANGED","Canonical source/test/config file required for development or verification.","90f371ebd6dff2a8aeb06a0f9c72665c6655a358dc04512fc7d0313d26cef561","90f371ebd6dff2a8aeb06a0f9c72665c6655a358dc04512fc7d0313d26cef561"
"tests/situation/test_builder.py","tests/situation/test_builder.py","SOURCE_OK","INCLUDE_UNCHANGED","Canonical source/test/config file required for development or verification.","ce27476c983f91af59c7770a7791382f83695972b6dd6736e99399bdd10df6d2","ce27476c983f91af59c7770a7791382f83695972b6dd6736e99399bdd10df6d2"
"tests/situation/test_derived.py","tests/situation/test_derived.py","SOURCE_OK","INCLUDE_UNCHANGED","Canonical source/test/config file required for development or verification.","9484d369b72d1d4f004de5759cfa751053b8cbf9b51a7bf297a45cdadd6e1a0f","9484d369b72d1d4f004de5759cfa751053b8cbf9b51a7bf297a45cdadd6e1a0f"
"tests/situation/test_media_cadence.py","tests/situation/test_media_cadence.py","SOURCE_OK","INCLUDE_UNCHANGED","Canonical source/test/config file required for development or verification.","608b1a8130dd586f6dca60af5adaa71de568633af74d7c47eb0cf73514d32910","608b1a8130dd586f6dca60af5adaa71de568633af74d7c47eb0cf73514d32910"
"tests/situation/test_temporal.py","tests/situation/test_temporal.py","SOURCE_OK","INCLUDE_UNCHANGED","Canonical source/test/config file required for development or verification.","d38e5b6e85fa45f2388be39d0aee6c0f91398ede009c3413b444decc2bfb4a20","d38e5b6e85fa45f2388be39d0aee6c0f91398ede009c3413b444decc2bfb4a20"
"tests/state/__init__.py","tests/state/__init__.py","SOURCE_OK","INCLUDE_UNCHANGED","Canonical source/test/config file required for development or verification.","5be3f954fd7368b6c62f07f340b854740fc6007be8cb10e05fa2c96e668ca72b","5be3f954fd7368b6c62f07f340b854740fc6007be8cb10e05fa2c96e668ca72b"
"tests/state/pipeline.py","tests/state/pipeline.py","SOURCE_OK","INCLUDE_UNCHANGED","Canonical source/test/config file required for development or verification.","c35a67912e62f6ac329225a45f2a4ba774f5e41cf7eac2e8a308297279161ce2","c35a67912e62f6ac329225a45f2a4ba774f5e41cf7eac2e8a308297279161ce2"
"tests/state/test_definitions.py","tests/state/test_definitions.py","SOURCE_OK","INCLUDE_UNCHANGED","Canonical source/test/config file required for development or verification.","a15fc326a089993986c7ca924bde4c2aedb6cc1efe007b98ed52675010f212c4","a15fc326a089993986c7ca924bde4c2aedb6cc1efe007b98ed52675010f212c4"
"tests/state/test_intents.py","tests/state/test_intents.py","SOURCE_OK","INCLUDE_UNCHANGED","Canonical source/test/config file required for development or verification.","17fe9493a6d00044fa48ca2ea5dc86e4bab0e0d1883592137672a3be7545e711","17fe9493a6d00044fa48ca2ea5dc86e4bab0e0d1883592137672a3be7545e711"
"tests/state/test_lifecycle.py","tests/state/test_lifecycle.py","SOURCE_OK","INCLUDE_UNCHANGED","Canonical source/test/config file required for development or verification.","9e4315b0f1d5f4094edbae2ba339223edc1cfbfecf5ae8363ab5833a41f8786d","9e4315b0f1d5f4094edbae2ba339223edc1cfbfecf5ae8363ab5833a41f8786d"
"tests/state/test_lifecycle_regression.py","tests/state/test_lifecycle_regression.py","SOURCE_OK","INCLUDE_UNCHANGED","Canonical source/test/config file required for development or verification.","ae0e0bb2a371b06b959889545683f82f375ede461fed363db7da1866d58fa7f0","ae0e0bb2a371b06b959889545683f82f375ede461fed363db7da1866d58fa7f0"
"tests/state/test_longitudinal.py","tests/state/test_longitudinal.py","SOURCE_OK","INCLUDE_UNCHANGED","Canonical source/test/config file required for development or verification.","c18e0b6b3b7c0f2c6b5ed826090e56514a34ef9a643622def96fbb958e1d2739","c18e0b6b3b7c0f2c6b5ed826090e56514a34ef9a643622def96fbb958e1d2739"
"tests/state/test_longitudinal_authority.py","tests/state/test_longitudinal_authority.py","SOURCE_OK","INCLUDE_UNCHANGED","Canonical source/test/config file required for development or verification.","36ed56e971d2258f7187471d3e8ef2fb17147483698d4ac66c8741c6e5ad2810","36ed56e971d2258f7187471d3e8ef2fb17147483698d4ac66c8741c6e5ad2810"
"tests/state/test_longitudinal_lineage.py","tests/state/test_longitudinal_lineage.py","SOURCE_OK","INCLUDE_UNCHANGED","Canonical source/test/config file required for development or verification.","563605b9547529056b96fd7344c59ffb270152d9494e393beb4728704e2ee2ab","563605b9547529056b96fd7344c59ffb270152d9494e393beb4728704e2ee2ab"
"tests/state/test_persistence.py","tests/state/test_persistence.py","SOURCE_OK","INCLUDE_UNCHANGED","Canonical source/test/config file required for development or verification.","a9976ef270ee9f0be269cd89763cf3f3126bac81980cdf7804bafdb49527c9c3","a9976ef270ee9f0be269cd89763cf3f3126bac81980cdf7804bafdb49527c9c3"
"tests/state/test_ports.py","tests/state/test_ports.py","SOURCE_OK","INCLUDE_UNCHANGED","Canonical source/test/config file required for development or verification.","66c8d3614cef8b2f32d2bf978b306316ae017b21def085c8890c88819603f0da","66c8d3614cef8b2f32d2bf978b306316ae017b21def085c8890c88819603f0da"
"tests/state/test_reconciler.py","tests/state/test_reconciler.py","SOURCE_OK","INCLUDE_UNCHANGED","Canonical source/test/config file required for development or verification.","33fda2488fd0f0bdcd442cbdf1bb813b1d1ccb8eed45cb0175df96597102211e","33fda2488fd0f0bdcd442cbdf1bb813b1d1ccb8eed45cb0175df96597102211e"
"tests/state/test_relevance.py","tests/state/test_relevance.py","SOURCE_OK","INCLUDE_UNCHANGED","Canonical source/test/config file required for development or verification.","54e285305f96fb4daa49e6a833c58ffbc0b57d29bfc6f160626c5aa634ec748e","54e285305f96fb4daa49e6a833c58ffbc0b57d29bfc6f160626c5aa634ec748e"
"tests/state/test_resolver.py","tests/state/test_resolver.py","SOURCE_OK","INCLUDE_UNCHANGED","Canonical source/test/config file required for development or verification.","49f20d7a934fe6e76661a56971e7fb4b89aaf49ef4d91392e30b3bc309554adf","49f20d7a934fe6e76661a56971e7fb4b89aaf49ef4d91392e30b3bc309554adf"
"tests/state/test_validity.py","tests/state/test_validity.py","SOURCE_OK","INCLUDE_UNCHANGED","Canonical source/test/config file required for development or verification.","32a07472acdd8c10ee5c685d9de1bbc73f8b96f415309971e6194d16dc336698","32a07472acdd8c10ee5c685d9de1bbc73f8b96f415309971e6194d16dc336698"
"tests/support/__init__.py","tests/support/__init__.py","SOURCE_OK","INCLUDE_UNCHANGED","Canonical source/test/config file required for development or verification.","e407027f3b6df0abfeef574bef1e08776f96e8ad31144ba1b0c06bab2d17ba83","e407027f3b6df0abfeef574bef1e08776f96e8ad31144ba1b0c06bab2d17ba83"
"tests/support/fake_clock.py","tests/support/fake_clock.py","SOURCE_OK","INCLUDE_UNCHANGED","Canonical source/test/config file required for development or verification.","2e678a85ab354bc989109029113dc9e4e775940a308db9dd644b2dff4b812d2f","2e678a85ab354bc989109029113dc9e4e775940a308db9dd644b2dff4b812d2f"
"tests/test_live_runtime_trace.py","tests/test_live_runtime_trace.py","SANITIZE_REQUIRED","INCLUDE_SANITIZED","Portable seed copy removes fixed machine path or hardens local-data ignore policy; canonical source remains unchanged.","8bd35599a7576fd48db54721bf97c73243f8da402a6f29838171a7e781cbc73e","b79e4b8fb9371f7a75c749f637536b807609eff87c33d4b7d83c0460a577c10e"
"tests/test_package_import.py","tests/test_package_import.py","SOURCE_OK","INCLUDE_UNCHANGED","Canonical source/test/config file required for development or verification.","a05a6d31f89cc4a39d60cb450580f082c4c0ed148ca3144055aa717dd5b5be02","a05a6d31f89cc4a39d60cb450580f082c4c0ed148ca3144055aa717dd5b5be02"
"tests/unit/providers/test_clock.py","tests/unit/providers/test_clock.py","SOURCE_OK","INCLUDE_UNCHANGED","Canonical source/test/config file required for development or verification.","3e0de7c480d529bb868db7aa74e9568e74afb31418e797628afd00f79dc2b299","3e0de7c480d529bb868db7aa74e9568e74afb31418e797628afd00f79dc2b299"
"tests/validation/__init__.py","tests/validation/__init__.py","SOURCE_OK","INCLUDE_UNCHANGED","Canonical source/test/config file required for development or verification.","62695d81f3a6b16003b7b4845ad3ea27ce9ef27cd14220979dfca1360b23aa8c","62695d81f3a6b16003b7b4845ad3ea27ce9ef27cd14220979dfca1360b23aa8c"
"tests/validation/test_composition.py","tests/validation/test_composition.py","SOURCE_OK","INCLUDE_UNCHANGED","Canonical source/test/config file required for development or verification.","f398ca330a1b02255ead6be15af3074e7aef4052d2627df13b36862b68287e7f","f398ca330a1b02255ead6be15af3074e7aef4052d2627df13b36862b68287e7f"
"tests/validation/test_contracts.py","tests/validation/test_contracts.py","SOURCE_OK","INCLUDE_UNCHANGED","Canonical source/test/config file required for development or verification.","1711cb688236922c3d9516722e50cacf659f9dbe2da06017916af22b9a337893","1711cb688236922c3d9516722e50cacf659f9dbe2da06017916af22b9a337893"
"tests/validation/test_digest.py","tests/validation/test_digest.py","SOURCE_OK","INCLUDE_UNCHANGED","Canonical source/test/config file required for development or verification.","3b944c66bff31f671e4b2738931a3b06f6fb2583b8886f809521833b334aeec8","3b944c66bff31f671e4b2738931a3b06f6fb2583b8886f809521833b334aeec8"
"tests/validation/test_history_audit.py","tests/validation/test_history_audit.py","SOURCE_OK","INCLUDE_UNCHANGED","Canonical source/test/config file required for development or verification.","ebc80b495094c5c967563dfd1308b03350e3f92f92f5f94fc045f64252973911","ebc80b495094c5c967563dfd1308b03350e3f92f92f5f94fc045f64252973911"
"tests/validation/test_horizon.py","tests/validation/test_horizon.py","SOURCE_OK","INCLUDE_UNCHANGED","Canonical source/test/config file required for development or verification.","d377221ed5a1a53612ca329cf391fee68bfc0837d35594cdecdff9f91a84dced","d377221ed5a1a53612ca329cf391fee68bfc0837d35594cdecdff9f91a84dced"
"tests/validation/test_inputs.py","tests/validation/test_inputs.py","SOURCE_OK","INCLUDE_UNCHANGED","Canonical source/test/config file required for development or verification.","f4d126ccdad0a19a9ada038288cc4a2737f03d785ba568d93973385bd3eb8e1e","f4d126ccdad0a19a9ada038288cc4a2737f03d785ba568d93973385bd3eb8e1e"
"tests/validation/test_invariants.py","tests/validation/test_invariants.py","SOURCE_OK","INCLUDE_UNCHANGED","Canonical source/test/config file required for development or verification.","cc4257346dc4d5ab2f37b315ec2ed68c56049898dcb58937712d375b642320c0","cc4257346dc4d5ab2f37b315ec2ed68c56049898dcb58937712d375b642320c0"
"tests/validation/test_long_horizon.py","tests/validation/test_long_horizon.py","SOURCE_OK","INCLUDE_UNCHANGED","Canonical source/test/config file required for development or verification.","a34dcdc8c481d3100490c3a828a13db489f4f8f6b7eded76fc93041d6c1a3092","a34dcdc8c481d3100490c3a828a13db489f4f8f6b7eded76fc93041d6c1a3092"
"tests/validation/test_model_swap.py","tests/validation/test_model_swap.py","SOURCE_OK","INCLUDE_UNCHANGED","Canonical source/test/config file required for development or verification.","9302702519fbd2f9daf6600074be88f8e0f3423d722d8442fe7089b0cb726f96","9302702519fbd2f9daf6600074be88f8e0f3423d722d8442fe7089b0cb726f96"
"tests/validation/test_report.py","tests/validation/test_report.py","SOURCE_OK","INCLUDE_UNCHANGED","Canonical source/test/config file required for development or verification.","e65bc7e72d197386cf02579ff561d4b692ad9c9ea11b4b0d5ba4af2f1b54cd19","e65bc7e72d197386cf02579ff561d4b692ad9c9ea11b4b0d5ba4af2f1b54cd19"
"tests/validation/test_restart.py","tests/validation/test_restart.py","SOURCE_OK","INCLUDE_UNCHANGED","Canonical source/test/config file required for development or verification.","2be28bb1d10b34fe7c227aec9450d830e824918d1413aeeb4c6d2a11806a0bae","2be28bb1d10b34fe7c227aec9450d830e824918d1413aeeb4c6d2a11806a0bae"
"tests/validation/test_schedule.py","tests/validation/test_schedule.py","SOURCE_OK","INCLUDE_UNCHANGED","Canonical source/test/config file required for development or verification.","e486ac7f42b017a2f42b626e9ccc492b14d0aed40fb6a41ddf6603a5e02768d9","e486ac7f42b017a2f42b626e9ccc492b14d0aed40fb6a41ddf6603a5e02768d9"
"xiyue/apply_mr_patch.py","","LOCAL_ONLY","EXCLUDE","Machine-specific deployment, patch, audit, or operator helper; excluded from clean public development surface.","c98a0a4aaa682db78695de0e41c74f422b12f9066d4e676f20e433805f8bdca0",""
"xiyue/audit_gateway_sim.py","","LOCAL_ONLY","EXCLUDE","Machine-specific deployment, patch, audit, or operator helper; excluded from clean public development surface.","872202f1342e27588fa72aaba3d9de9f7622cfb003576afd4a62a7a1335fd047",""
"xiyue/audit_serial_turn.py","","LOCAL_ONLY","EXCLUDE","Machine-specific deployment, patch, audit, or operator helper; excluded from clean public development surface.","ac9b7a1688d67fd2f0f0ccd46405560b6ba975440bb1330483aed5fa5db2aeb9",""
"xiyue/audit_thread_ownership.py","","LOCAL_ONLY","EXCLUDE","Machine-specific deployment, patch, audit, or operator helper; excluded from clean public development surface.","078ef55fcfeeda09a604cd342c83bb8abe3dcb44d0f2baeae02131807ff42025",""
"xiyue/mr_seam.py","xiyue/mr_seam.py","SANITIZE_REQUIRED","INCLUDE_SANITIZED","Portable seed copy removes fixed machine path or hardens local-data ignore policy; canonical source remains unchanged.","dcbdd020a01d77343f0e83d691c4fa3cf2e749e2e08447352adb1ca1757cd739","df740b78c79dcd4a9c8c87eeb9b2010afc8283b7f3b17a3a527981406f854f8a"
"xiyue/patches/hermes-0.19.0-mr.patch","","LOCAL_ONLY","EXCLUDE","Machine-specific deployment, patch, audit, or operator helper; excluded from clean public development surface.","723315caae0ceb035094a3eba8783a5c9664c85bef85f82a9255db9d992be081",""
"docs/design-philosophy.md","docs/design-philosophy.md","DOCUMENTATION_ONLY","INCLUDE_PUBLIC_BASELINE","New public design-philosophy document authored for the clean-history handoff.","","e8fac94eccbcec88dce58fa548cf83e2b24be5826c39bd24f300302a35a770ec"
